id,name,duration,artist_id,artist_name,artist_idstr,album_name,album_id,license_ccurl,position,releasedate,album_image,audio,audiodownload,prourl,shorturl,shareurl,audiodownload_allowed,content_id_free,image,musicinfo
168,J'm'e FPM,183,7,TriFace,triface,Premiers Jets,24,,1,2004-12-17,https://usercontent.jamendo.com?type=album&id=24&width=300&trackid=168,https://prod-1.storage.jamendo.com/?trackid=168&format=mp32&from=Jt8AxSaFD71OW%2Bc3F3TpiA%3D%3D%7Cu%2Faoyb%2F4RX1F%2BLFHJYSvBA%3D%3D,https://prod-1.storage.jamendo.com/download/track/168/mp32/,,https://jamen.do/t/168,https://www.jamendo.com/track/168,True,False,https://usercontent.jamendo.com?type=album&id=24&width=300&trackid=168,"{'vocalinstrumental': 'vocal', 'gender': 'male', 'speed': 'medium', 'tags': {'genres': ['rock', 'metal', 'hardcore'], 'instruments': [], 'vartags': []}}"
169,Trio HxC,101,7,TriFace,triface,Premiers Jets,24,,2,2004-12-17,https://usercontent.jamendo.com?type=album&id=24&width=300&trackid=169,https://prod-1.storage.jamendo.com/?trackid=169&format=mp32&from=RPq7c%2B4a2orygRzGRXMaZg%3D%3D%7C%2BoMbp8CotOFpapT7jRdxVg%3D%3D,https://prod-1.storage.jamendo.com/download/track/169/mp32/,,https://jamen.do/t/169,https://www.jamendo.com/track/169,True,False,https://usercontent.jamendo.com?type=album&id=24&width=300&trackid=169,"{'vocalinstrumental': 'vocal', 'gender': 'male', 'speed': 'medium', 'tags': {'genres': ['metal', 'hardcore', 'alternativerock'], 'instruments': [], 'vartags': []}}"
170,Un Poil De Relifion,207,7,TriFace,triface,Premiers Jets,24,,3,2004-12-17,https://usercontent.jamendo.com?type=album&id=24&width=300&trackid=170,https://prod-1.storage.jamendo.com/?trackid=170&format=mp32&from=eDYd6HB%2F8I%2B8cyu3k%2B%2BymQ%3D%3D%7C123Q5IFtv6z2C%2B%2FWi2djnA%3D%3D,https://prod-1.storage.jamendo.com/download/track/170/mp32/,,https://jamen.do/t/170,https://www.jamendo.com/track/170,True,False,https://usercontent.jamendo.com?type=album&id=24&width=300&trackid=170,"{'vocalinstrumental': 'vocal', 'gender': 'male', 'speed': 'high', 'tags': {'genres': ['metal', 'hardcore', 'electronic'], 'instruments': [], 'vartags': []}}"
171,Apologies,145,7,TriFace,triface,Premiers Jets,24,,4,2004-12-17,https://usercontent.jamendo.com?type=album&id=24&width=300&trackid=171,https://prod-1.storage.jamendo.com/?trackid=171&format=mp32&from=p93Z%2FHzXGyAUOiyz730jnA%3D%3D%7ClIgtIQljbOgvJLc9f74DCw%3D%3D,https://prod-1.storage.jamendo.com/download/track/171/mp32/,,https://jamen.do/t/171,https://www.jamendo.com/track/171,True,False,https://usercontent.jamendo.com?type=album&id=24&width=300&trackid=171,"{'vocalinstrumental': 'vocal', 'gender': 'male', 'speed': 'high', 'tags': {'genres': ['rock', 'metal', 'hardcore'], 'instruments': [], 'vartags': []}}"
172,Je Vomis Comme Je Chante,177,7,TriFace,triface,Premiers Jets,24,,5,2004-12-17,https://usercontent.jamendo.com?type=album&id=24&width=300&trackid=172,https://prod-1.storage.jamendo.com/?trackid=172&format=mp32&from=BpiZSmmt8%2Ft%2BZiDiovdK8Q%3D%3D%7C2gFq6x4TYzhqzyS%2BNPuhKg%3D%3D,https://prod-1.storage.jamendo.com/download/track/172/mp32/,,https://jamen.do/t/172,https://www.jamendo.com/track/172,True,False,https://usercontent.jamendo.com?type=album&id=24&width=300&trackid=172,"{'vocalinstrumental': 'instrumental', 'speed': 'medium', 'tags': {'genres': ['rock', 'metal', 'hardcore'], 'instruments': [], 'vartags': []}}"
174,Mind Asylum,183,9,Skaut,skaut,Mind Asylum,25,,1,2004-12-18,https://usercontent.jamendo.com?type=album&id=25&width=300&trackid=174,https://prod-1.storage.jamendo.com/?trackid=174&format=mp32&from=EIwnnrOqgff5IgWdQVoQ2A%3D%3D%7CEN8J7noKdYQ%2Fi1BRW4V%2F%2FA%3D%3D,https://prod-1.storage.jamendo.com/download/track/174/mp32/,,https://jamen.do/t/174,https://www.jamendo.com/track/174,True,False,https://usercontent.jamendo.com?type=album&id=25&width=300&trackid=174,"{'vocalinstrumental': 'vocal', 'speed': 'high', 'tags': {'genres': ['rock', 'hardcore'], 'instruments': [], 'vartags': []}}"
175,You Don't Know,322,9,Skaut,skaut,Mind Asylum,25,,2,2004-12-18,https://usercontent.jamendo.com?type=album&id=25&width=300&trackid=175,https://prod-1.storage.jamendo.com/?trackid=175&format=mp32&from=eUAp7l43rWI0K3jbXJGf3Q%3D%3D%7Cqay1FddQc1YurASSvGe1MA%3D%3D,https://prod-1.storage.jamendo.com/download/track/175/mp32/,,https://jamen.do/t/175,https://www.jamendo.com/track/175,True,False,https://usercontent.jamendo.com?type=album&id=25&width=300&trackid=175,"{'vocalinstrumental': 'instrumental', 'speed': 'medium', 'tags': {'genres': [], 'instruments': [], 'vartags': []}}"
176,Overcome,292,9,Skaut,skaut,Mind Asylum,25,,3,2004-12-18,https://usercontent.jamendo.com?type=album&id=25&width=300&trackid=176,https://prod-1.storage.jamendo.com/?trackid=176&format=mp32&from=08CgJPN2ycC27buWsmFZOg%3D%3D%7COG%2FRB4Ii283j21r5YWcibw%3D%3D,https://prod-1.storage.jamendo.com/download/track/176/mp32/,,https://jamen.do/t/176,https://www.jamendo.com/track/176,True,False,https://usercontent.jamendo.com?type=album&id=25&width=300&trackid=176,"{'vocalinstrumental': 'instrumental', 'speed': 'high', 'tags': {'genres': [], 'instruments': [], 'vartags': []}}"
198,Trois Saucisses Dans Une Bulle,33,7,TriFace,triface,3 Saucisses Dans Une Bulle,28,,1,2004-12-21,https://usercontent.jamendo.com?type=album&id=28&width=300&trackid=198,https://prod-1.storage.jamendo.com/?trackid=198&format=mp32&from=K1W3oldfyCZiwgbgw9eneQ%3D%3D%7Ct0%2BS3L0cYeDwQv2Rz8aKIg%3D%3D,https://prod-1.storage.jamendo.com/download/track/198/mp32/,,https://jamen.do/t/198,https://www.jamendo.com/track/198,True,False,https://usercontent.jamendo.com?type=album&id=28&width=300&trackid=198,"{'vocalinstrumental': 'instrumental', 'lang': 'fr', 'speed': 'medium', 'tags': {'genres': [], 'instruments': [], 'vartags': ['neutral']}}"
199,New Bitch,171,7,TriFace,triface,3 Saucisses Dans Une Bulle,28,,2,2004-12-21,https://usercontent.jamendo.com?type=album&id=28&width=300&trackid=199,https://prod-1.storage.jamendo.com/?trackid=199&format=mp32&from=b%2FuEPwHWVhuQCM2ASQAcCw%3D%3D%7Chr8OqTZJXCtLyviccNBi6Q%3D%3D,https://prod-1.storage.jamendo.com/download/track/199/mp32/,,https://jamen.do/t/199,https://www.jamendo.com/track/199,True,False,https://usercontent.jamendo.com?type=album&id=28&width=300&trackid=199,"{'vocalinstrumental': 'vocal', 'gender': 'male', 'speed': 'veryhigh', 'tags': {'genres': [], 'instruments': [], 'vartags': []}}"
200,Papy HxC,173,7,TriFace,triface,3 Saucisses Dans Une Bulle,28,,3,2004-12-21,https://usercontent.jamendo.com?type=album&id=28&width=300&trackid=200,https://prod-1.storage.jamendo.com/?trackid=200&format=mp32&from=tPA%2BJQqtP29VLt9dGygBkQ%3D%3D%7CMjGEIQMEzxm0RsAn7f54oQ%3D%3D,https://prod-1.storage.jamendo.com/download/track/200/mp32/,,https://jamen.do/t/200,https://www.jamendo.com/track/200,True,False,https://usercontent.jamendo.com?type=album&id=28&width=300&trackid=200,"{'vocalinstrumental': 'vocal', 'gender': 'male', 'speed': 'veryhigh', 'tags': {'genres': [], 'instruments': [], 'vartags': []}}"
201,I Love You Heroes,114,7,TriFace,triface,3 Saucisses Dans Une Bulle,28,,4,2004-12-21,https://usercontent.jamendo.com?type=album&id=28&width=300&trackid=201,https://prod-1.storage.jamendo.com/?trackid=201&format=mp32&from=TxpGOdTTWWCxXgPsMMzh3g%3D%3D%7CoEBGOUXg776VEDp9slaAAg%3D%3D,https://prod-1.storage.jamendo.com/download/track/201/mp32/,,https://jamen.do/t/201,https://www.jamendo.com/track/201,True,False,https://usercontent.jamendo.com?type=album&id=28&width=300&trackid=201,"{'vocalinstrumental': 'vocal', 'gender': 'male', 'speed': 'veryhigh', 'tags': {'genres': [], 'instruments': [], 'vartags': []}}"
202,Le démarrage de Mark,70,7,TriFace,triface,3 Saucisses Dans Une Bulle,28,,5,2004-12-21,https://usercontent.jamendo.com?type=album&id=28&width=300&trackid=202,https://prod-1.storage.jamendo.com/?trackid=202&format=mp32&from=VBx5q6Sd3Uq6fuGnlxxRIg%3D%3D%7CwMZUJMLe4yZiU3f%2BeN8tBQ%3D%3D,https://prod-1.storage.jamendo.com/download/track/202/mp32/,,https://jamen.do/t/202,https://www.jamendo.com/track/202,True,False,https://usercontent.jamendo.com?type=album&id=28&width=300&trackid=202,"{'vocalinstrumental': 'instrumental', 'speed': 'medium', 'tags': {'genres': [], 'instruments': [], 'vartags': []}}"
203,Mark Dabord,258,7,TriFace,triface,3 Saucisses Dans Une Bulle,28,,6,2004-12-21,https://usercontent.jamendo.com?type=album&id=28&width=300&trackid=203,https://prod-1.storage.jamendo.com/?trackid=203&format=mp32&from=3lAigGjh5lAV5rysq8gwww%3D%3D%7C33Q348sdnhs6Uo5Ee0zfcw%3D%3D,https://prod-1.storage.jamendo.com/download/track/203/mp32/,,https://jamen.do/t/203,https://www.jamendo.com/track/203,True,False,https://usercontent.jamendo.com?type=album&id=28&width=300&trackid=203,"{'vocalinstrumental': 'vocal', 'gender': 'male', 'speed': 'high', 'tags': {'genres': [], 'instruments': [], 'vartags': []}}"
204,LVOHC,200,7,TriFace,triface,3 Saucisses Dans Une Bulle,28,,7,2004-12-21,https://usercontent.jamendo.com?type=album&id=28&width=300&trackid=204,https://prod-1.storage.jamendo.com/?trackid=204&format=mp32&from=cRVkH8fH6SJlyvChXJ9h4A%3D%3D%7ChyrsBDorFnDCkP8dfgLdMA%3D%3D,https://prod-1.storage.jamendo.com/download/track/204/mp32/,,https://jamen.do/t/204,https://www.jamendo.com/track/204,True,False,https://usercontent.jamendo.com?type=album&id=28&width=300&trackid=204,"{'vocalinstrumental': 'vocal', 'gender': 'male', 'speed': 'medium', 'tags': {'genres': [], 'instruments': [], 'vartags': []}}"
206,Un Poil De Relifion (Acous),145,7,TriFace,triface,3 Saucisses Dans Une Bulle,28,,8,2004-12-21,https://usercontent.jamendo.com?type=album&id=28&width=300&trackid=206,https://prod-1.storage.jamendo.com/?trackid=206&format=mp32&from=fDOY6cdox0VOMAz%2FBqhWtg%3D%3D%7CCfXJ6yY5nV1T7PTr1JPHmw%3D%3D,https://prod-1.storage.jamendo.com/download/track/206/mp32/,,https://jamen.do/t/206,https://www.jamendo.com/track/206,True,False,https://usercontent.jamendo.com?type=album&id=28&width=300&trackid=206,"{'vocalinstrumental': 'vocal', 'gender': 'male', 'speed': 'medium', 'tags': {'genres': [], 'instruments': [], 'vartags': []}}"
214,Intro chiante,124,14,David TMX,david.tmx,Pouce !,31,,1,2004-12-28,https://usercontent.jamendo.com?type=album&id=31&width=300&trackid=214,https://prod-1.storage.jamendo.com/?trackid=214&format=mp32&from=%2Fe0Ks1aajvEdnvP%2BvviUPg%3D%3D%7CtJapLoMIXQnBICc7cTVBLw%3D%3D,https://prod-1.storage.jamendo.com/download/track/214/mp32/,,https://jamen.do/t/214,https://www.jamendo.com/track/214,True,False,https://usercontent.jamendo.com?type=album&id=31&width=300&trackid=214,"{'vocalinstrumental': 'instrumental', 'acousticelectric': 'electric', 'speed': 'medium', 'tags': {'genres': ['punk'], 'instruments': [], 'vartags': ['neutral']}}"
215,Aide toi...,151,14,David TMX,david.tmx,Pouce !,31,,2,2004-12-28,https://usercontent.jamendo.com?type=album&id=31&width=300&trackid=215,https://prod-1.storage.jamendo.com/?trackid=215&format=mp32&from=CNwbLrIS0P4Jh%2BgouMarxw%3D%3D%7CqLKmTp7erRA5ib8Lkl6VOw%3D%3D,https://prod-1.storage.jamendo.com/download/track/215/mp32/,,https://jamen.do/t/215,https://www.jamendo.com/track/215,True,False,https://usercontent.jamendo.com?type=album&id=31&width=300&trackid=215,"{'vocalinstrumental': 'vocal', 'lang': 'fr', 'gender': 'male', 'acousticelectric': 'electric', 'speed': 'veryhigh', 'tags': {'genres': ['metal'], 'instruments': ['electricguitar', 'electroamplified'], 'vartags': ['action', 'energetic']}}"
216,Une charogne,234,14,David TMX,david.tmx,Pouce !,31,,3,2004-12-28,https://usercontent.jamendo.com?type=album&id=31&width=300&trackid=216,https://prod-1.storage.jamendo.com/?trackid=216&format=mp32&from=VWVyeYiXRr7Y2wM9KTUi8g%3D%3D%7CYP8h%2BkzQCipqEY2nL9SCAQ%3D%3D,https://prod-1.storage.jamendo.com/download/track/216/mp32/,,https://jamen.do/t/216,https://www.jamendo.com/track/216,True,False,https://usercontent.jamendo.com?type=album&id=31&width=300&trackid=216,"{'vocalinstrumental': 'vocal', 'gender': 'male', 'acousticelectric': 'electric', 'speed': 'high', 'tags': {'genres': ['metal'], 'instruments': [], 'vartags': []}}"
217,Aimons nous...,127,14,David TMX,david.tmx,Pouce !,31,,4,2004-12-28,https://usercontent.jamendo.com?type=album&id=31&width=300&trackid=217,https://prod-1.storage.jamendo.com/?trackid=217&format=mp32&from=UT7jEafCyDXBoaaXAeNAIg%3D%3D%7Cr2gDgrUq8sYR5smplySbmg%3D%3D,https://prod-1.storage.jamendo.com/download/track/217/mp32/,,https://jamen.do/t/217,https://www.jamendo.com/track/217,True,False,https://usercontent.jamendo.com?type=album&id=31&width=300&trackid=217,"{'vocalinstrumental': 'vocal', 'gender': 'male', 'acousticelectric': 'electric', 'speed': 'veryhigh', 'tags': {'genres': ['metal'], 'instruments': [], 'vartags': []}}"
218,Jouvencelle,180,14,David TMX,david.tmx,Pouce !,31,,5,2004-12-28,https://usercontent.jamendo.com?type=album&id=31&width=300&trackid=218,https://prod-1.storage.jamendo.com/?trackid=218&format=mp32&from=pcwLnWXh%2BzjjLRs%2B8myoAA%3D%3D%7Cf9gBi%2FuKP%2FH9XP%2BvLpWdJw%3D%3D,https://prod-1.storage.jamendo.com/download/track/218/mp32/,,https://jamen.do/t/218,https://www.jamendo.com/track/218,True,False,https://usercontent.jamendo.com?type=album&id=31&width=300&trackid=218,"{'vocalinstrumental': 'vocal', 'lang': 'fr', 'gender': 'male', 'acousticelectric': 'electric', 'speed': 'medium', 'tags': {'genres': ['punk'], 'instruments': [], 'vartags': ['neutral']}}"
219,L'homme pouce,199,14,David TMX,david.tmx,Pouce !,31,,6,2004-12-28,https://usercontent.jamendo.com?type=album&id=31&width=300&trackid=219,https://prod-1.storage.jamendo.com/?trackid=219&format=mp32&from=ZHzZXXVSpP064Rq7w3vu6g%3D%3D%7CiE4F1VM3rVwjLJszUaPpyQ%3D%3D,https://prod-1.storage.jamendo.com/download/track/219/mp32/,,https://jamen.do/t/219,https://www.jamendo.com/track/219,True,False,https://usercontent.jamendo.com?type=album&id=31&width=300&trackid=219,"{'vocalinstrumental': 'vocal', 'gender': 'male', 'acousticelectric': 'electric', 'speed': 'medium', 'tags': {'genres': ['metal'], 'instruments': [], 'vartags': []}}"
220,Y'a un truc,174,14,David TMX,david.tmx,Pouce !,31,,7,2004-12-28,https://usercontent.jamendo.com?type=album&id=31&width=300&trackid=220,https://prod-1.storage.jamendo.com/?trackid=220&format=mp32&from=OLaEOD2ZgR92Hym7lqWIIw%3D%3D%7CNKTW3%2Bv3lpAoeuw4pprQrQ%3D%3D,https://prod-1.storage.jamendo.com/download/track/220/mp32/,,https://jamen.do/t/220,https://www.jamendo.com/track/220,True,False,https://usercontent.jamendo.com?type=album&id=31&width=300&trackid=220,"{'vocalinstrumental': 'vocal', 'lang': 'fr', 'gender': 'male', 'acousticelectric': 'electric', 'speed': 'medium', 'tags': {'genres': ['punk'], 'instruments': [], 'vartags': ['neutral']}}"
221,LVO Hardcore,224,14,David TMX,david.tmx,Pouce !,31,,8,2004-12-28,https://usercontent.jamendo.com?type=album&id=31&width=300&trackid=221,https://prod-1.storage.jamendo.com/?trackid=221&format=mp32&from=MR5AbQj2FbLWx3vZbo9%2Bsg%3D%3D%7C4fkAsVnOe7oBJldOKptuLQ%3D%3D,https://prod-1.storage.jamendo.com/download/track/221/mp32/,,https://jamen.do/t/221,https://www.jamendo.com/track/221,True,False,https://usercontent.jamendo.com?type=album&id=31&width=300&trackid=221,"{'vocalinstrumental': 'vocal', 'gender': 'male', 'acousticelectric': 'electric', 'speed': 'medium', 'tags': {'genres': ['punk'], 'instruments': [], 'vartags': []}}"
222,Que du naturel,161,14,David TMX,david.tmx,Pouce !,31,,9,2004-12-28,https://usercontent.jamendo.com?type=album&id=31&width=300&trackid=222,https://prod-1.storage.jamendo.com/?trackid=222&format=mp32&from=xV9w0trrlZbEq2OjgdPheQ%3D%3D%7CQVGud8n1wpUr2%2FVpJhIHMg%3D%3D,https://prod-1.storage.jamendo.com/download/track/222/mp32/,,https://jamen.do/t/222,https://www.jamendo.com/track/222,True,False,https://usercontent.jamendo.com?type=album&id=31&width=300&trackid=222,"{'vocalinstrumental': 'vocal', 'gender': 'male', 'acousticelectric': 'electric', 'speed': 'medium', 'tags': {'genres': ['punk', 'hardcorepunk'], 'instruments': [], 'vartags': []}}"
223,Voici le gala,217,14,David TMX,david.tmx,Pouce !,31,,10,2004-12-28,https://usercontent.jamendo.com?type=album&id=31&width=300&trackid=223,https://prod-1.storage.jamendo.com/?trackid=223&format=mp32&from=QF8wvaM%2Fa3O8C8LByVqIHQ%3D%3D%7Cjfj1HXY2Ge0AZcDzmbImwA%3D%3D,https://prod-1.storage.jamendo.com/download/track/223/mp32/,,https://jamen.do/t/223,https://www.jamendo.com/track/223,True,False,https://usercontent.jamendo.com?type=album&id=31&width=300&trackid=223,"{'vocalinstrumental': 'vocal', 'lang': 'fr', 'gender': 'male', 'acousticelectric': 'electric', 'speed': 'high', 'tags': {'genres': ['metal'], 'instruments': [], 'vartags': ['neutral']}}"
224,Croquemitaine,109,14,David TMX,david.tmx,Pouce !,31,,11,2004-12-28,https://usercontent.jamendo.com?type=album&id=31&width=300&trackid=224,https://prod-1.storage.jamendo.com/?trackid=224&format=mp32&from=foWGbomcdh6%2BSt%2B8fLmlwg%3D%3D%7CuAIeNLBTriatfGAai%2FaEmA%3D%3D,https://prod-1.storage.jamendo.com/download/track/224/mp32/,,https://jamen.do/t/224,https://www.jamendo.com/track/224,True,False,https://usercontent.jamendo.com?type=album&id=31&width=300&trackid=224,"{'vocalinstrumental': 'vocal', 'gender': 'male', 'acousticelectric': 'electric', 'speed': 'veryhigh', 'tags': {'genres': ['rock', 'punk'], 'instruments': [], 'vartags': ['neutral']}}"
225,Histoire de grouin,205,14,David TMX,david.tmx,Pouce !,31,,12,2004-12-28,https://usercontent.jamendo.com?type=album&id=31&width=300&trackid=225,https://prod-1.storage.jamendo.com/?trackid=225&format=mp32&from=JF%2BCpdvPrCu%2BEr2XiL4UYQ%3D%3D%7CLWREqFQZwL9k%2FxbbISOdeA%3D%3D,https://prod-1.storage.jamendo.com/download/track/225/mp32/,,https://jamen.do/t/225,https://www.jamendo.com/track/225,True,False,https://usercontent.jamendo.com?type=album&id=31&width=300&trackid=225,"{'vocalinstrumental': 'vocal', 'gender': 'male', 'acousticelectric': 'electric', 'speed': 'medium', 'tags': {'genres': ['punk'], 'instruments': [], 'vartags': ['neutral']}}"
226,JLP vs momomatic,222,14,David TMX,david.tmx,Pouce !,31,,13,2004-12-28,https://usercontent.jamendo.com?type=album&id=31&width=300&trackid=226,https://prod-1.storage.jamendo.com/?trackid=226&format=mp32&from=2c3nb5fv9XUdMgImif7Txw%3D%3D%7CnphrZvdI7ZWgdT7WHSIInQ%3D%3D,https://prod-1.storage.jamendo.com/download/track/226/mp32/,,https://jamen.do/t/226,https://www.jamendo.com/track/226,True,False,https://usercontent.jamendo.com?type=album&id=31&width=300&trackid=226,"{'vocalinstrumental': 'vocal', 'lang': 'fr', 'gender': 'male', 'acousticelectric': 'electric', 'speed': 'medium', 'tags': {'genres': ['metal'], 'instruments': [], 'vartags': ['neutral']}}"
227,Légionnaire zoophile,245,14,David TMX,david.tmx,Pouce !,31,,14,2004-12-28,https://usercontent.jamendo.com?type=album&id=31&width=300&trackid=227,https://prod-1.storage.jamendo.com/?trackid=227&format=mp32&from=V7RZvl2Kix6nopxmXOfiYQ%3D%3D%7C0Eedg2TVu853Vcw75gNHrA%3D%3D,https://prod-1.storage.jamendo.com/download/track/227/mp32/,,https://jamen.do/t/227,https://www.jamendo.com/track/227,True,False,https://usercontent.jamendo.com?type=album&id=31&width=300&trackid=227,"{'vocalinstrumental': 'vocal', 'gender': 'male', 'acousticelectric': 'electric', 'speed': 'high', 'tags': {'genres': ['metal'], 'instruments': [], 'vartags': ['neutral']}}"
228,La frontière,190,14,David TMX,david.tmx,Pouce !,31,,15,2004-12-28,https://usercontent.jamendo.com?type=album&id=31&width=300&trackid=228,https://prod-1.storage.jamendo.com/?trackid=228&format=mp32&from=65vxQEzaGJPlSgNVk7OMOQ%3D%3D%7Cd%2BKFrOH3K0ZHytrZAeSwTQ%3D%3D,https://prod-1.storage.jamendo.com/download/track/228/mp32/,,https://jamen.do/t/228,https://www.jamendo.com/track/228,True,False,https://usercontent.jamendo.com?type=album&id=31&width=300&trackid=228,"{'vocalinstrumental': 'vocal', 'lang': 'fr', 'gender': 'male', 'acousticelectric': 'electric', 'speed': 'high', 'tags': {'genres': ['rock'], 'instruments': [], 'vartags': ['neutral']}}"
229,Headbanger,180,14,David TMX,david.tmx,Pouce !,31,,16,2004-12-28,https://usercontent.jamendo.com?type=album&id=31&width=300&trackid=229,https://prod-1.storage.jamendo.com/?trackid=229&format=mp32&from=Ep942HEVY6I%2F4M%2BRHy0PxQ%3D%3D%7CIhOuiwBCL%2FA1f9uKpFRM6w%3D%3D,https://prod-1.storage.jamendo.com/download/track/229/mp32/,,https://jamen.do/t/229,https://www.jamendo.com/track/229,True,False,https://usercontent.jamendo.com?type=album&id=31&width=300&trackid=229,"{'vocalinstrumental': 'vocal', 'gender': 'male', 'acousticelectric': 'electric', 'speed': 'medium', 'tags': {'genres': ['metal'], 'instruments': [], 'vartags': ['neutral']}}"
230,Noxious,124,14,David TMX,david.tmx,Pouce !,31,,17,2004-12-28,https://usercontent.jamendo.com?type=album&id=31&width=300&trackid=230,https://prod-1.storage.jamendo.com/?trackid=230&format=mp32&from=vdS8vvoK9JJVpf4jlnPirA%3D%3D%7CaNJ%2F0kVRQf%2Fi8oJPkT3vaw%3D%3D,https://prod-1.storage.jamendo.com/download/track/230/mp32/,,https://jamen.do/t/230,https://www.jamendo.com/track/230,True,False,https://usercontent.jamendo.com?type=album&id=31&width=300&trackid=230,"{'vocalinstrumental': 'vocal', 'gender': 'male', 'acousticelectric': 'electric', 'speed': 'high', 'tags': {'genres': ['metal'], 'instruments': [], 'vartags': ['neutral']}}"
231,Ralalalatouf,276,14,David TMX,david.tmx,Pouce !,31,,18,2004-12-28,https://usercontent.jamendo.com?type=album&id=31&width=300&trackid=231,https://prod-1.storage.jamendo.com/?trackid=231&format=mp32&from=JShkeEIVw2i4jW0djQTPCw%3D%3D%7Cpv4HvesvVoWfyhBpSXgiDA%3D%3D,https://prod-1.storage.jamendo.com/download/track/231/mp32/,,https://jamen.do/t/231,https://www.jamendo.com/track/231,True,False,https://usercontent.jamendo.com?type=album&id=31&width=300&trackid=231,"{'vocalinstrumental': 'vocal', 'gender': 'male', 'acousticelectric': 'electric', 'speed': 'medium', 'tags': {'genres': ['metal'], 'instruments': [], 'vartags': ['neutral']}}"
232,EHMA - Pizzicato,212,15,Various Artists,va,CD KDO-PYLEFT,32,,1,2004-12-28,https://usercontent.jamendo.com?type=album&id=32&width=300&trackid=232,https://prod-1.storage.jamendo.com/?trackid=232&format=mp32&from=D7B2zTm2qZaN7ubqnjnEIA%3D%3D%7CLxTj08jG8KRYs6l8Qvlnog%3D%3D,https://prod-1.storage.jamendo.com/download/track/232/mp32/,,https://jamen.do/t/232,https://www.jamendo.com/track/232,True,False,https://usercontent.jamendo.com?type=album&id=32&width=300&trackid=232,"{'tags': {'genres': [], 'instruments': [], 'vartags': []}}"
233,Les Bernardo - Joyeux Noël,236,15,Various Artists,va,CD KDO-PYLEFT,32,,2,2004-12-28,https://usercontent.jamendo.com?type=album&id=32&width=300&trackid=233,https://prod-1.storage.jamendo.com/?trackid=233&format=mp32&from=4pK05%2FhdA1FyqStCG%2F7Iqg%3D%3D%7CjdC1qDdntsbeeyy1PQiRFA%3D%3D,https://prod-1.storage.jamendo.com/download/track/233/mp32/,,https://jamen.do/t/233,https://www.jamendo.com/track/233,True,False,https://usercontent.jamendo.com?type=album&id=32&width=300&trackid=233,"{'vocalinstrumental': 'vocal', 'gender': 'male', 'speed': 'medium', 'tags': {'genres': [], 'instruments': [], 'vartags': []}}"
234,Mérinos - Suite andropause Part 1,379,15,Various Artists,va,CD KDO-PYLEFT,32,,3,2004-12-28,https://usercontent.jamendo.com?type=album&id=32&width=300&trackid=234,https://prod-1.storage.jamendo.com/?trackid=234&format=mp32&from=0XDqy84BT8nlypZzjNmBsQ%3D%3D%7CyKxJIzI6SPzDRt6sbLZOkA%3D%3D,https://prod-1.storage.jamendo.com/download/track/234/mp32/,,https://jamen.do/t/234,https://www.jamendo.com/track/234,True,False,https://usercontent.jamendo.com?type=album&id=32&width=300&trackid=234,"{'vocalinstrumental': 'instrumental', 'speed': 'medium', 'tags': {'genres': ['folk', 'newage', 'classical'], 'instruments': ['strings', 'acousticguitar'], 'vartags': ['emotional']}}"
235,Natural Sheen - What's your opinion?,216,15,Various Artists,va,CD KDO-PYLEFT,32,,4,2004-12-28,https://usercontent.jamendo.com?type=album&id=32&width=300&trackid=235,https://prod-1.storage.jamendo.com/?trackid=235&format=mp32&from=vXr6HfKdaXX4Q8bEzJpd2g%3D%3D%7CAMKp%2FHhXEhFUcgEAhn%2Fk9w%3D%3D,https://prod-1.storage.jamendo.com/download/track/235/mp32/,,https://jamen.do/t/235,https://www.jamendo.com/track/235,True,False,https://usercontent.jamendo.com?type=album&id=32&width=300&trackid=235,"{'vocalinstrumental': 'instrumental', 'speed': 'medium', 'tags': {'genres': [], 'instruments': [], 'vartags': []}}"
236,Neos - UNESCO,182,15,Various Artists,va,CD KDO-PYLEFT,32,,5,2004-12-28,https://usercontent.jamendo.com?type=album&id=32&width=300&trackid=236,https://prod-1.storage.jamendo.com/?trackid=236&format=mp32&from=GSW3pssKG%2BSEoeJxhbep%2BA%3D%3D%7CAUqZtjMXdThnnUJiod9Pmw%3D%3D,https://prod-1.storage.jamendo.com/download/track/236/mp32/,,https://jamen.do/t/236,https://www.jamendo.com/track/236,True,False,https://usercontent.jamendo.com?type=album&id=32&width=300&trackid=236,"{'vocalinstrumental': 'instrumental', 'speed': 'medium', 'tags': {'genres': [], 'instruments': [], 'vartags': []}}"
237,Orco - Snow in my TV,239,15,Various Artists,va,CD KDO-PYLEFT,32,,6,2004-12-28,https://usercontent.jamendo.com?type=album&id=32&width=300&trackid=237,https://prod-1.storage.jamendo.com/?trackid=237&format=mp32&from=o%2F0ldocesnCOoJW%2Boizg5Q%3D%3D%7CDT9kb83BQWeP20xU0SbXDg%3D%3D,https://prod-1.storage.jamendo.com/download/track/237/mp32/,,https://jamen.do/t/237,https://www.jamendo.com/track/237,True,False,https://usercontent.jamendo.com?type=album&id=32&width=300&trackid=237,"{'vocalinstrumental': 'vocal', 'gender': 'male', 'speed': 'medium', 'tags': {'genres': [], 'instruments': [], 'vartags': []}}"
238,Realaze - Must wake up,394,15,Various Artists,va,CD KDO-PYLEFT,32,,7,2004-12-28,https://usercontent.jamendo.com?type=album&id=32&width=300&trackid=238,https://prod-1.storage.jamendo.com/?trackid=238&format=mp32&from=S%2BOIyQn0THbPprX0EHl4Pw%3D%3D%7CBJza3lNvAt2Q1u7vib%2FjAw%3D%3D,https://prod-1.storage.jamendo.com/download/track/238/mp32/,,https://jamen.do/t/238,https://www.jamendo.com/track/238,True,False,https://usercontent.jamendo.com?type=album&id=32&width=300&trackid=238,"{'vocalinstrumental': 'instrumental', 'speed': 'medium', 'tags': {'genres': [], 'instruments': [], 'vartags': []}}"
239,Silence - Electro 2,223,15,Various Artists,va,CD KDO-PYLEFT,32,,8,2004-12-28,https://usercontent.jamendo.com?type=album&id=32&width=300&trackid=239,https://prod-1.storage.jamendo.com/?trackid=239&format=mp32&from=Dd04PRSncHPSjyHbtcSQ5w%3D%3D%7CYnyAbg1eexfqOz9dHG5ddA%3D%3D,https://prod-1.storage.jamendo.com/download/track/239/mp32/,,https://jamen.do/t/239,https://www.jamendo.com/track/239,True,False,https://usercontent.jamendo.com?type=album&id=32&width=300&trackid=239,"{'vocalinstrumental': 'instrumental', 'speed': 'medium', 'tags': {'genres': [], 'instruments': [], 'vartags': []}}"
240,Lacrymosa Industry - Vampyre's son,233,15,Various Artists,va,CD KDO-PYLEFT,32,,9,2004-12-28,https://usercontent.jamendo.com?type=album&id=32&width=300&trackid=240,https://prod-1.storage.jamendo.com/?trackid=240&format=mp32&from=7Hyq5U53bAVrupTKkVZvLg%3D%3D%7C4bO3jbFjF462e65bJZZNmw%3D%3D,https://prod-1.storage.jamendo.com/download/track/240/mp32/,,https://jamen.do/t/240,https://www.jamendo.com/track/240,True,False,https://usercontent.jamendo.com?type=album&id=32&width=300&trackid=240,"{'vocalinstrumental': 'vocal', 'gender': 'female', 'speed': 'medium', 'tags': {'genres': [], 'instruments': [], 'vartags': []}}"
241,Simple Exercice,340,5,Both,both,Simple Exercice,33,,1,2004-12-28,https://usercontent.jamendo.com?type=album&id=33&width=300&trackid=241,https://prod-1.storage.jamendo.com/?trackid=241&format=mp32&from=%2FML7c98r%2BdE3EczKNNzZ3A%3D%3D%7CV8MBXP1GSVayaQK4mcW77g%3D%3D,https://prod-1.storage.jamendo.com/download/track/241/mp32/,,https://jamen.do/t/241,https://www.jamendo.com/track/241,True,False,https://usercontent.jamendo.com?type=album&id=33&width=300&trackid=241,"{'vocalinstrumental': 'vocal', 'lang': 'en', 'gender': 'male', 'acousticelectric': 'electric', 'speed': 'medium', 'tags': {'genres': ['rock'], 'instruments': [], 'vartags': ['happy']}}"
242,Réveille le Hippie,248,5,Both,both,Simple Exercice,33,,2,2004-12-28,https://usercontent.jamendo.com?type=album&id=33&width=300&trackid=242,https://prod-1.storage.jamendo.com/?trackid=242&format=mp32&from=BVGHXnESwKFVFKbd3sCpVA%3D%3D%7ClyyypyKL2F%2BbAd1khUA2kw%3D%3D,https://prod-1.storage.jamendo.com/download/track/242/mp32/,,https://jamen.do/t/242,https://www.jamendo.com/track/242,True,False,https://usercontent.jamendo.com?type=album&id=33&width=300&trackid=242,"{'vocalinstrumental': 'vocal', 'lang': 'fr', 'gender': 'male', 'acousticelectric': 'electric', 'speed': 'medium', 'tags': {'genres': ['rock'], 'instruments': [], 'vartags': []}}"
243,The Monster,249,5,Both,both,Simple Exercice,33,,3,2004-12-28,https://usercontent.jamendo.com?type=album&id=33&width=300&trackid=243,https://prod-1.storage.jamendo.com/?trackid=243&format=mp32&from=MuIGCs%2BdltfLHuDWx2UjCw%3D%3D%7CXFJ%2BU3J4HOOb81kvjwFcGw%3D%3D,https://prod-1.storage.jamendo.com/download/track/243/mp32/,,https://jamen.do/t/243,https://www.jamendo.com/track/243,True,False,https://usercontent.jamendo.com?type=album&id=33&width=300&trackid=243,"{'vocalinstrumental': 'vocal', 'gender': 'female', 'speed': 'medium', 'tags': {'genres': ['rock'], 'instruments': [], 'vartags': ['neutral', 'undefined']}}"
244,Qui Déchante,270,5,Both,both,Simple Exercice,33,,4,2004-12-28,https://usercontent.jamendo.com?type=album&id=33&width=300&trackid=244,https://prod-1.storage.jamendo.com/?trackid=244&format=mp32&from=L6DgPHYrvB%2FgEMtnAjd6hw%3D%3D%7CwDbWYC9LfLPf2pO2ZxHOlg%3D%3D,https://prod-1.storage.jamendo.com/download/track/244/mp32/,,https://jamen.do/t/244,https://www.jamendo.com/track/244,True,False,https://usercontent.jamendo.com?type=album&id=33&width=300&trackid=244,"{'vocalinstrumental': 'vocal', 'gender': 'female', 'acousticelectric': 'electric', 'speed': 'high', 'tags': {'genres': ['rock'], 'instruments': [], 'vartags': []}}"
245,J.E.T. Apostrophe A.I.M.E,155,5,Both,both,Simple Exercice,33,,5,2004-12-28,https://usercontent.jamendo.com?type=album&id=33&width=300&trackid=245,https://prod-1.storage.jamendo.com/?trackid=245&format=mp32&from=4rULgLD0r1IyNUwiYjZ52A%3D%3D%7CiQB%2BlxR85YC7nICg0%2Fwshg%3D%3D,https://prod-1.storage.jamendo.com/download/track/245/mp32/,,https://jamen.do/t/245,https://www.jamendo.com/track/245,True,False,https://usercontent.jamendo.com?type=album&id=33&width=300&trackid=245,"{'vocalinstrumental': 'vocal', 'lang': 'fr', 'gender': 'male', 'acousticelectric': 'electric', 'speed': 'medium', 'tags': {'genres': ['rock'], 'instruments': [], 'vartags': ['neutral', 'undefined']}}"
246,Take Up Arms,239,5,Both,both,Simple Exercice,33,,6,2004-12-28,https://usercontent.jamendo.com?type=album&id=33&width=300&trackid=246,https://prod-1.storage.jamendo.com/?trackid=246&format=mp32&from=fm1H%2FbX7pJ3ewdI8TtZ%2F5Q%3D%3D%7CLWvvZwXf%2BoCe%2BsNSgEZy6Q%3D%3D,https://prod-1.storage.jamendo.com/download/track/246/mp32/,,https://jamen.do/t/246,https://www.jamendo.com/track/246,True,False,https://usercontent.jamendo.com?type=album&id=33&width=300&trackid=246,"{'vocalinstrumental': 'vocal', 'gender': 'female', 'acousticelectric': 'electric', 'speed': 'medium', 'tags': {'genres': ['rock'], 'instruments': [], 'vartags': ['neutral', 'undefined']}}"
247,Je le veux aussi,85,5,Both,both,Simple Exercice,33,,7,2004-12-28,https://usercontent.jamendo.com?type=album&id=33&width=300&trackid=247,https://prod-1.storage.jamendo.com/?trackid=247&format=mp32&from=rDGFh5jg4x7bG2kLGeMwQg%3D%3D%7CjVbPDqsBYHqeSE6QqcULTw%3D%3D,https://prod-1.storage.jamendo.com/download/track/247/mp32/,,https://jamen.do/t/247,https://www.jamendo.com/track/247,True,False,https://usercontent.jamendo.com?type=album&id=33&width=300&trackid=247,"{'vocalinstrumental': 'vocal', 'lang': 'fr', 'gender': 'male', 'acousticelectric': 'acoustic', 'speed': 'medium', 'tags': {'genres': ['pop', 'rock'], 'instruments': [], 'vartags': []}}"
271,Beastie Boys - Now Get Busy,146,15,Various Artists,va,The WIRED CD : Rip. Sample. Mash. Share.,35,,1,2005-01-09,https://usercontent.jamendo.com?type=album&id=35&width=300&trackid=271,https://prod-1.storage.jamendo.com/?trackid=271&format=mp32&from=QdGRZSggOZeHnp3Z6hmkjw%3D%3D%7CQq6P%2FTQobZ6NYlr7KHtaXQ%3D%3D,https://prod-1.storage.jamendo.com/download/track/271/mp32/,,https://jamen.do/t/271,https://www.jamendo.com/track/271,True,False,https://usercontent.jamendo.com?type=album&id=35&width=300&trackid=271,"{'tags': {'genres': [], 'instruments': [], 'vartags': []}}"
272,David Byrne - My Fair Lady,211,15,Various Artists,va,The WIRED CD : Rip. Sample. Mash. Share.,35,,2,2005-01-09,https://usercontent.jamendo.com?type=album&id=35&width=300&trackid=272,https://prod-1.storage.jamendo.com/?trackid=272&format=mp32&from=3C%2BNSsekhgDTiwqHl1yK2A%3D%3D%7Ct8XNliLv1Mk8ig6rGLowfQ%3D%3D,https://prod-1.storage.jamendo.com/download/track/272/mp32/,,https://jamen.do/t/272,https://www.jamendo.com/track/272,True,False,https://usercontent.jamendo.com?type=album&id=35&width=300&trackid=272,"{'vocalinstrumental': 'vocal', 'gender': 'male', 'speed': 'high', 'tags': {'genres': [], 'instruments': [], 'vartags': []}}"
273,Zap Mama - Wadidyusay?,201,15,Various Artists,va,The WIRED CD : Rip. Sample. Mash. Share.,35,,3,2005-01-09,https://usercontent.jamendo.com?type=album&id=35&width=300&trackid=273,https://prod-1.storage.jamendo.com/?trackid=273&format=mp32&from=hYIKPlkQLJlCilBuNuIGKg%3D%3D%7CE6c2bc%2FQ0p6fAX0AqoKo7w%3D%3D,https://prod-1.storage.jamendo.com/download/track/273/mp32/,,https://jamen.do/t/273,https://www.jamendo.com/track/273,True,False,https://usercontent.jamendo.com?type=album&id=35&width=300&trackid=273,"{'tags': {'genres': [], 'instruments': [], 'vartags': []}}"
274,My Morning Jacket - One Big Holiday,321,15,Various Artists,va,The WIRED CD : Rip. Sample. Mash. Share.,35,,4,2005-01-09,https://usercontent.jamendo.com?type=album&id=35&width=300&trackid=274,https://prod-1.storage.jamendo.com/?trackid=274&format=mp32&from=q505lwBfeEvjd3064MoSOw%3D%3D%7CiFQBH6l7H1SrFf6PPRkqkQ%3D%3D,https://prod-1.storage.jamendo.com/download/track/274/mp32/,,https://jamen.do/t/274,https://www.jamendo.com/track/274,True,False,https://usercontent.jamendo.com?type=album&id=35&width=300&trackid=274,"{'tags': {'genres': [], 'instruments': [], 'vartags': []}}"
275,Spoon - Revenge!,148,15,Various Artists,va,The WIRED CD : Rip. Sample. Mash. Share.,35,,5,2005-01-09,https://usercontent.jamendo.com?type=album&id=35&width=300&trackid=275,https://prod-1.storage.jamendo.com/?trackid=275&format=mp32&from=c3DJao%2F2iSRGPokUZbTUAw%3D%3D%7CgJhLJc1ipnHyG2pEj9Vveg%3D%3D,https://prod-1.storage.jamendo.com/download/track/275/mp32/,,https://jamen.do/t/275,https://www.jamendo.com/track/275,True,False,https://usercontent.jamendo.com?type=album&id=35&width=300&trackid=275,"{'vocalinstrumental': 'instrumental', 'speed': 'medium', 'tags': {'genres': [], 'instruments': [], 'vartags': []}}"
276,Gilberto Gil - Oslodum,238,15,Various Artists,va,The WIRED CD : Rip. Sample. Mash. Share.,35,,6,2005-01-09,https://usercontent.jamendo.com?type=album&id=35&width=300&trackid=276,https://prod-1.storage.jamendo.com/?trackid=276&format=mp32&from=RhgiGpg48CvCAWp9SVBIrw%3D%3D%7CRN8i71Lh6JOOuHITsT5VLQ%3D%3D,https://prod-1.storage.jamendo.com/download/track/276/mp32/,,https://jamen.do/t/276,https://www.jamendo.com/track/276,True,False,https://usercontent.jamendo.com?type=album&id=35&width=300&trackid=276,"{'tags': {'genres': [], 'instruments': [], 'vartags': []}}"
277,Dan The Automator - Relaxation Spa Treatment,205,15,Various Artists,va,The WIRED CD : Rip. Sample. Mash. Share.,35,,7,2005-01-09,https://usercontent.jamendo.com?type=album&id=35&width=300&trackid=277,https://prod-1.storage.jamendo.com/?trackid=277&format=mp32&from=GlJa2q%2Bmb4Grd93z7V94Iw%3D%3D%7CrKRNF9hoDN9FCli%2BVdPXSA%3D%3D,https://prod-1.storage.jamendo.com/download/track/277/mp32/,,https://jamen.do/t/277,https://www.jamendo.com/track/277,True,False,https://usercontent.jamendo.com?type=album&id=35&width=300&trackid=277,"{'vocalinstrumental': 'instrumental', 'speed': 'medium', 'tags': {'genres': [], 'instruments': [], 'vartags': []}}"
278,Thievery Corporation - DC 3000,267,15,Various Artists,va,The WIRED CD : Rip. Sample. Mash. Share.,35,,8,2005-01-09,https://usercontent.jamendo.com?type=album&id=35&width=300&trackid=278,https://prod-1.storage.jamendo.com/?trackid=278&format=mp32&from=O3%2BdGCh%2BoDd0HoAUIZslQw%3D%3D%7CZh1czFqLZ8G3cMIJQAOMiQ%3D%3D,https://prod-1.storage.jamendo.com/download/track/278/mp32/,,https://jamen.do/t/278,https://www.jamendo.com/track/278,True,False,https://usercontent.jamendo.com?type=album&id=35&width=300&trackid=278,"{'tags': {'genres': [], 'instruments': [], 'vartags': []}}"
279,Le Tigre - Fake French,172,15,Various Artists,va,The WIRED CD : Rip. Sample. Mash. Share.,35,,9,2005-01-09,https://usercontent.jamendo.com?type=album&id=35&width=300&trackid=279,https://prod-1.storage.jamendo.com/?trackid=279&format=mp32&from=GhtbdrGKoExn5QokTUtJPA%3D%3D%7CqTeIogqox16UjpKRHyOqTg%3D%3D,https://prod-1.storage.jamendo.com/download/track/279/mp32/,,https://jamen.do/t/279,https://www.jamendo.com/track/279,True,False,https://usercontent.jamendo.com?type=album&id=35&width=300&trackid=279,"{'tags': {'genres': [], 'instruments': [], 'vartags': []}}"
280,Paul Westerberg - Looking Up In Heaven,192,15,Various Artists,va,The WIRED CD : Rip. Sample. Mash. Share.,35,,10,2005-01-09,https://usercontent.jamendo.com?type=album&id=35&width=300&trackid=280,https://prod-1.storage.jamendo.com/?trackid=280&format=mp32&from=ayXvhn%2ByHF7GiPIT62pWOg%3D%3D%7C7R7KPHxj%2Bmv5kLzlS8eojw%3D%3D,https://prod-1.storage.jamendo.com/download/track/280/mp32/,,https://jamen.do/t/280,https://www.jamendo.com/track/280,True,False,https://usercontent.jamendo.com?type=album&id=35&width=300&trackid=280,"{'tags': {'genres': [], 'instruments': [], 'vartags': []}}"
281,Chuck D With Fine Arts Militia  - No Meaning No,192,15,Various Artists,va,The WIRED CD : Rip. Sample. Mash. Share.,35,,11,2005-01-09,https://usercontent.jamendo.com?type=album&id=35&width=300&trackid=281,https://prod-1.storage.jamendo.com/?trackid=281&format=mp32&from=KjeTuPPf14uElMuMwfY%2BCQ%3D%3D%7CHLA46Zu%2BJqzlcO82BqhdSQ%3D%3D,https://prod-1.storage.jamendo.com/download/track/281/mp32/,,https://jamen.do/t/281,https://www.jamendo.com/track/281,True,False,https://usercontent.jamendo.com?type=album&id=35&width=300&trackid=281,"{'vocalinstrumental': 'vocal', 'gender': 'male', 'speed': 'medium', 'tags': {'genres': [], 'instruments': [], 'vartags': []}}"
282,The Rapture - Sister Saviour (Blackstrobe Remix),425,15,Various Artists,va,The WIRED CD : Rip. Sample. Mash. Share.,35,,12,2005-01-09,https://usercontent.jamendo.com?type=album&id=35&width=300&trackid=282,https://prod-1.storage.jamendo.com/?trackid=282&format=mp32&from=AMrGzqMRwTyUJplsRsdLFg%3D%3D%7CUK62MDBTdFMZchsvGIdfPg%3D%3D,https://prod-1.storage.jamendo.com/download/track/282/mp32/,,https://jamen.do/t/282,https://www.jamendo.com/track/282,True,False,https://usercontent.jamendo.com?type=album&id=35&width=300&trackid=282,"{'tags': {'genres': [], 'instruments': [], 'vartags': []}}"
283,Cornelius - Wataridori 2,429,15,Various Artists,va,The WIRED CD : Rip. Sample. Mash. Share.,35,,13,2005-01-09,https://usercontent.jamendo.com?type=album&id=35&width=300&trackid=283,https://prod-1.storage.jamendo.com/?trackid=283&format=mp32&from=uPXZBf8WkN4SxGIV0YSDQw%3D%3D%7CLrefIsPFDq%2FRge4ba5ktNw%3D%3D,https://prod-1.storage.jamendo.com/download/track/283/mp32/,,https://jamen.do/t/283,https://www.jamendo.com/track/283,True,False,https://usercontent.jamendo.com?type=album&id=35&width=300&trackid=283,"{'vocalinstrumental': 'instrumental', 'speed': 'medium', 'tags': {'genres': [], 'instruments': [], 'vartags': []}}"
285,Zé Glisse,226,17,Alchimie,alchimie,Adversité,36,,1,2005-03-24,https://usercontent.jamendo.com?type=album&id=36&width=300&trackid=285,https://prod-1.storage.jamendo.com/?trackid=285&format=mp32&from=Hfjdh8VnXULfLiRF5Imd6Q%3D%3D%7CBz%2BMl3FowwBqElgyW%2BeftQ%3D%3D,https://prod-1.storage.jamendo.com/download/track/285/mp32/,,https://jamen.do/t/285,https://www.jamendo.com/track/285,True,False,https://usercontent.jamendo.com?type=album&id=36&width=300&trackid=285,"{'vocalinstrumental': 'vocal', 'gender': 'male', 'speed': 'medium', 'tags': {'genres': ['pop', 'rock'], 'instruments': [], 'vartags': ['engage']}}"
286,Terroriste terrorisé,305,17,Alchimie,alchimie,Adversité,36,,2,2005-03-24,https://usercontent.jamendo.com?type=album&id=36&width=300&trackid=286,https://prod-1.storage.jamendo.com/?trackid=286&format=mp32&from=NtIUBOoELortSf6cuhys%2FQ%3D%3D%7C0tKI1ORf4EGa4aOjpXVjcg%3D%3D,https://prod-1.storage.jamendo.com/download/track/286/mp32/,,https://jamen.do/t/286,https://www.jamendo.com/track/286,True,False,https://usercontent.jamendo.com?type=album&id=36&width=300&trackid=286,"{'vocalinstrumental': 'vocal', 'gender': 'male', 'speed': 'medium', 'tags': {'genres': ['pop', 'rock'], 'instruments': [], 'vartags': ['engage']}}"
287,Portées Disparues (Femmes sans visage),197,17,Alchimie,alchimie,Adversité,36,,3,2005-03-24,https://usercontent.jamendo.com?type=album&id=36&width=300&trackid=287,https://prod-1.storage.jamendo.com/?trackid=287&format=mp32&from=HbrlzRZN3UH26zGnKvR1oA%3D%3D%7CjSrkow1VwcIbCyPIMK6tYg%3D%3D,https://prod-1.storage.jamendo.com/download/track/287/mp32/,,https://jamen.do/t/287,https://www.jamendo.com/track/287,True,False,https://usercontent.jamendo.com?type=album&id=36&width=300&trackid=287,"{'vocalinstrumental': 'vocal', 'gender': 'male', 'speed': 'medium', 'tags': {'genres': ['pop', 'rock'], 'instruments': [], 'vartags': ['engage']}}"
338,Flight Club,446,16,Godon,godon,Armagodon,43,,1,2005-01-21,https://usercontent.jamendo.com?type=album&id=43&width=300&trackid=338,https://prod-1.storage.jamendo.com/?trackid=338&format=mp32&from=kx4CtxeacGGdjJ0UYEhqEQ%3D%3D%7CxRxGjoVJaxY7KWC%2BPT3UpQ%3D%3D,https://prod-1.storage.jamendo.com/download/track/338/mp32/,,https://jamen.do/t/338,https://www.jamendo.com/track/338,True,False,https://usercontent.jamendo.com?type=album&id=43&width=300&trackid=338,"{'vocalinstrumental': 'instrumental', 'speed': 'medium', 'tags': {'genres': [], 'instruments': [], 'vartags': []}}"
339,Etinamu,275,16,Godon,godon,Armagodon,43,,2,2005-01-21,https://usercontent.jamendo.com?type=album&id=43&width=300&trackid=339,https://prod-1.storage.jamendo.com/?trackid=339&format=mp32&from=Zv2FwRbZulr%2B22yj3YDkuw%3D%3D%7CNpmx12iTpBPcVNtNbeVdxg%3D%3D,https://prod-1.storage.jamendo.com/download/track/339/mp32/,,https://jamen.do/t/339,https://www.jamendo.com/track/339,True,False,https://usercontent.jamendo.com?type=album&id=43&width=300&trackid=339,"{'vocalinstrumental': 'vocal', 'gender': 'male', 'speed': 'medium', 'tags': {'genres': [], 'instruments': [], 'vartags': []}}"
340,Démoncratie,199,16,Godon,godon,Armagodon,43,,3,2005-01-21,https://usercontent.jamendo.com?type=album&id=43&width=300&trackid=340,https://prod-1.storage.jamendo.com/?trackid=340&format=mp32&from=%2BVb7YPaH0qMqDUEyDzcLWA%3D%3D%7CFdms6ud7B3hdOmBw8jqhOg%3D%3D,https://prod-1.storage.jamendo.com/download/track/340/mp32/,,https://jamen.do/t/340,https://www.jamendo.com/track/340,True,False,https://usercontent.jamendo.com?type=album&id=43&width=300&trackid=340,"{'vocalinstrumental': 'vocal', 'gender': 'male', 'speed': 'medium', 'tags': {'genres': [], 'instruments': [], 'vartags': []}}"
341,Mastodonte,325,16,Godon,godon,Armagodon,43,,4,2005-01-21,https://usercontent.jamendo.com?type=album&id=43&width=300&trackid=341,https://prod-1.storage.jamendo.com/?trackid=341&format=mp32&from=BInHcAfEAIjrq52j58KOSw%3D%3D%7Cjs1JvoaO1ty9lYH9BF3miQ%3D%3D,https://prod-1.storage.jamendo.com/download/track/341/mp32/,,https://jamen.do/t/341,https://www.jamendo.com/track/341,True,False,https://usercontent.jamendo.com?type=album&id=43&width=300&trackid=341,"{'vocalinstrumental': 'vocal', 'lang': 'fr', 'gender': 'male', 'acousticelectric': 'electric', 'speed': 'medium', 'tags': {'genres': [], 'instruments': [], 'vartags': []}}"
342,Controverse,306,16,Godon,godon,Armagodon,43,,5,2005-01-21,https://usercontent.jamendo.com?type=album&id=43&width=300&trackid=342,https://prod-1.storage.jamendo.com/?trackid=342&format=mp32&from=zVNC1ne7UVWmhyze5FaKuQ%3D%3D%7CcqaqyErDqBrlSzRwDx29%2Fw%3D%3D,https://prod-1.storage.jamendo.com/download/track/342/mp32/,,https://jamen.do/t/342,https://www.jamendo.com/track/342,True,False,https://usercontent.jamendo.com?type=album&id=43&width=300&trackid=342,"{'vocalinstrumental': 'vocal', 'speed': 'medium', 'tags': {'genres': [], 'instruments': [], 'vartags': []}}"
343,Soul Power,199,16,Godon,godon,Armagodon,43,,6,2005-01-21,https://usercontent.jamendo.com?type=album&id=43&width=300&trackid=343,https://prod-1.storage.jamendo.com/?trackid=343&format=mp32&from=BIf9HVlxNaokOQOJAsPL8Q%3D%3D%7CRr4%2Bda8OQ3MGxwQ5lJttgA%3D%3D,https://prod-1.storage.jamendo.com/download/track/343/mp32/,,https://jamen.do/t/343,https://www.jamendo.com/track/343,True,False,https://usercontent.jamendo.com?type=album&id=43&width=300&trackid=343,"{'vocalinstrumental': 'vocal', 'gender': 'male', 'speed': 'medium', 'tags': {'genres': [], 'instruments': [], 'vartags': []}}"
344,Roots,280,16,Godon,godon,Armagodon,43,,7,2005-01-21,https://usercontent.jamendo.com?type=album&id=43&width=300&trackid=344,https://prod-1.storage.jamendo.com/?trackid=344&format=mp32&from=x%2Boaw8aTTf7Aq378bwL2RQ%3D%3D%7Chco5mJiKWGwSghtl4Avwgw%3D%3D,https://prod-1.storage.jamendo.com/download/track/344/mp32/,,https://jamen.do/t/344,https://www.jamendo.com/track/344,True,False,https://usercontent.jamendo.com?type=album&id=43&width=300&trackid=344,"{'vocalinstrumental': 'vocal', 'gender': 'male', 'speed': 'medium', 'tags': {'genres': [], 'instruments': [], 'vartags': []}}"
345,Le Glas Du Paf,177,16,Godon,godon,Armagodon,43,,8,2005-01-21,https://usercontent.jamendo.com?type=album&id=43&width=300&trackid=345,https://prod-1.storage.jamendo.com/?trackid=345&format=mp32&from=IseSbKuQnKjC5XFFL6%2B7Og%3D%3D%7C5otPI0GYCKpKHVXzpMkf%2Fg%3D%3D,https://prod-1.storage.jamendo.com/download/track/345/mp32/,,https://jamen.do/t/345,https://www.jamendo.com/track/345,True,False,https://usercontent.jamendo.com?type=album&id=43&width=300&trackid=345,"{'vocalinstrumental': 'vocal', 'gender': 'male', 'speed': 'medium', 'tags': {'genres': [], 'instruments': [], 'vartags': []}}"
346,Oil,270,16,Godon,godon,Armagodon,43,,9,2005-01-21,https://usercontent.jamendo.com?type=album&id=43&width=300&trackid=346,https://prod-1.storage.jamendo.com/?trackid=346&format=mp32&from=gnP4NkjojYhilPky8QBxBg%3D%3D%7CUV7QZfFTkrXFZz0rLgNFuw%3D%3D,https://prod-1.storage.jamendo.com/download/track/346/mp32/,,https://jamen.do/t/346,https://www.jamendo.com/track/346,True,False,https://usercontent.jamendo.com?type=album&id=43&width=300&trackid=346,"{'vocalinstrumental': 'vocal', 'gender': 'male', 'speed': 'medium', 'tags': {'genres': [], 'instruments': [], 'vartags': []}}"
347,Transitions,342,16,Godon,godon,Armagodon,43,,10,2005-01-21,https://usercontent.jamendo.com?type=album&id=43&width=300&trackid=347,https://prod-1.storage.jamendo.com/?trackid=347&format=mp32&from=bYo67QgRWOP%2F61PwqYbk8w%3D%3D%7Ca2a2l3s081H6BYNR1uYYIA%3D%3D,https://prod-1.storage.jamendo.com/download/track/347/mp32/,,https://jamen.do/t/347,https://www.jamendo.com/track/347,True,False,https://usercontent.jamendo.com?type=album&id=43&width=300&trackid=347,"{'vocalinstrumental': 'vocal', 'gender': 'male', 'speed': 'medium', 'tags': {'genres': [], 'instruments': [], 'vartags': []}}"
348,Roads Of Life,276,19,DJ Epsilon,djepsilon,Music For Ever,44,,1,2005-01-28,https://usercontent.jamendo.com?type=album&id=44&width=300&trackid=348,https://prod-1.storage.jamendo.com/?trackid=348&format=mp32&from=%2B1gBXQEQVkDWh51hcaU6mw%3D%3D%7CxCTKNh03H2it1XQA22dUjA%3D%3D,https://prod-1.storage.jamendo.com/download/track/348/mp32/,,https://jamen.do/t/348,https://www.jamendo.com/track/348,True,False,https://usercontent.jamendo.com?type=album&id=44&width=300&trackid=348,"{'vocalinstrumental': 'instrumental', 'speed': 'medium', 'tags': {'genres': [], 'instruments': [], 'vartags': []}}"
349,Space Sailors,225,19,DJ Epsilon,djepsilon,Music For Ever,44,,2,2005-01-28,https://usercontent.jamendo.com?type=album&id=44&width=300&trackid=349,https://prod-1.storage.jamendo.com/?trackid=349&format=mp32&from=gAikQF1xqY42DHJCGaf0yw%3D%3D%7CNJ1vCaXLSN2ED4zZPoD31w%3D%3D,https://prod-1.storage.jamendo.com/download/track/349/mp32/,,https://jamen.do/t/349,https://www.jamendo.com/track/349,True,False,https://usercontent.jamendo.com?type=album&id=44&width=300&trackid=349,"{'vocalinstrumental': 'instrumental', 'speed': 'medium', 'tags': {'genres': [], 'instruments': [], 'vartags': []}}"
350,Steel BlackSmith,250,19,DJ Epsilon,djepsilon,Music For Ever,44,,3,2005-01-28,https://usercontent.jamendo.com?type=album&id=44&width=300&trackid=350,https://prod-1.storage.jamendo.com/?trackid=350&format=mp32&from=bBv2YvY1v%2BUByiPBve9maw%3D%3D%7CtyJ8BsPB63QPwvXTHz2zZQ%3D%3D,https://prod-1.storage.jamendo.com/download/track/350/mp32/,,https://jamen.do/t/350,https://www.jamendo.com/track/350,True,False,https://usercontent.jamendo.com?type=album&id=44&width=300&trackid=350,"{'vocalinstrumental': 'instrumental', 'speed': 'medium', 'tags': {'genres': [], 'instruments': [], 'vartags': []}}"
351,The Message,322,19,DJ Epsilon,djepsilon,Music For Ever,44,,4,2005-01-28,https://usercontent.jamendo.com?type=album&id=44&width=300&trackid=351,https://prod-1.storage.jamendo.com/?trackid=351&format=mp32&from=JmXLhY%2BoOsAPwFQkHVaDdg%3D%3D%7CuFhYraWrNFRxJCO1yO1NcQ%3D%3D,https://prod-1.storage.jamendo.com/download/track/351/mp32/,,https://jamen.do/t/351,https://www.jamendo.com/track/351,True,False,https://usercontent.jamendo.com?type=album&id=44&width=300&trackid=351,"{'vocalinstrumental': 'instrumental', 'speed': 'medium', 'tags': {'genres': [], 'instruments': [], 'vartags': []}}"
352,The Project,240,19,DJ Epsilon,djepsilon,Music For Ever,44,,5,2005-01-28,https://usercontent.jamendo.com?type=album&id=44&width=300&trackid=352,https://prod-1.storage.jamendo.com/?trackid=352&format=mp32&from=9vUcn%2BcdnQu8YSMORIzvjg%3D%3D%7C5xGaIG68p8du%2F8b6azd3eQ%3D%3D,https://prod-1.storage.jamendo.com/download/track/352/mp32/,,https://jamen.do/t/352,https://www.jamendo.com/track/352,True,False,https://usercontent.jamendo.com?type=album&id=44&width=300&trackid=352,"{'vocalinstrumental': 'instrumental', 'speed': 'medium', 'tags': {'genres': [], 'instruments': [], 'vartags': []}}"
353,Voltigeur,294,19,DJ Epsilon,djepsilon,Music For Ever,44,,6,2005-01-28,https://usercontent.jamendo.com?type=album&id=44&width=300&trackid=353,https://prod-1.storage.jamendo.com/?trackid=353&format=mp32&from=%2BQqumalgEPBHVJ5SCBajAw%3D%3D%7CnxZMLO%2Bf%2BOJv9A3lI0B3UA%3D%3D,https://prod-1.storage.jamendo.com/download/track/353/mp32/,,https://jamen.do/t/353,https://www.jamendo.com/track/353,True,False,https://usercontent.jamendo.com?type=album&id=44&width=300&trackid=353,"{'vocalinstrumental': 'instrumental', 'speed': 'medium', 'tags': {'genres': [], 'instruments': [], 'vartags': []}}"
354,Warrior Of Pluto,188,19,DJ Epsilon,djepsilon,Music For Ever,44,,7,2005-01-28,https://usercontent.jamendo.com?type=album&id=44&width=300&trackid=354,https://prod-1.storage.jamendo.com/?trackid=354&format=mp32&from=hf0D%2BFVZOSDgtEPVnCrvRA%3D%3D%7Cp98OGRhfCJqsNOuxU%2BoPog%3D%3D,https://prod-1.storage.jamendo.com/download/track/354/mp32/,,https://jamen.do/t/354,https://www.jamendo.com/track/354,True,False,https://usercontent.jamendo.com?type=album&id=44&width=300&trackid=354,"{'vocalinstrumental': 'instrumental', 'speed': 'medium', 'tags': {'genres': [], 'instruments': [], 'vartags': []}}"
355,Melefic Star,217,19,DJ Epsilon,djepsilon,Music For Ever,44,,8,2005-01-28,https://usercontent.jamendo.com?type=album&id=44&width=300&trackid=355,https://prod-1.storage.jamendo.com/?trackid=355&format=mp32&from=I%2BL9asSBwv%2BMS0wctH0DIA%3D%3D%7C8J5Tpog3VLKNfpVdATVOow%3D%3D,https://prod-1.storage.jamendo.com/download/track/355/mp32/,,https://jamen.do/t/355,https://www.jamendo.com/track/355,True,False,https://usercontent.jamendo.com?type=album&id=44&width=300&trackid=355,"{'vocalinstrumental': 'instrumental', 'speed': 'medium', 'tags': {'genres': [], 'instruments': [], 'vartags': []}}"
356,Sensual Cloud,250,19,DJ Epsilon,djepsilon,Music For Ever,44,,9,2005-01-28,https://usercontent.jamendo.com?type=album&id=44&width=300&trackid=356,https://prod-1.storage.jamendo.com/?trackid=356&format=mp32&from=WOPLzImElc0nY3k7TMaqJQ%3D%3D%7C4G%2B8iZyGlYBHcNDQTcDlVg%3D%3D,https://prod-1.storage.jamendo.com/download/track/356/mp32/,,https://jamen.do/t/356,https://www.jamendo.com/track/356,True,False,https://usercontent.jamendo.com?type=album&id=44&width=300&trackid=356,"{'vocalinstrumental': 'instrumental', 'speed': 'medium', 'tags': {'genres': [], 'instruments': [], 'vartags': []}}"
357,Reverse Evening,195,19,DJ Epsilon,djepsilon,Music For Ever,44,,10,2005-01-28,https://usercontent.jamendo.com?type=album&id=44&width=300&trackid=357,https://prod-1.storage.jamendo.com/?trackid=357&format=mp32&from=7%2Fr%2BaEsAMsDjlxsHNcsz0A%3D%3D%7CXPvmtV9LssS4Dq8enggdlw%3D%3D,https://prod-1.storage.jamendo.com/download/track/357/mp32/,,https://jamen.do/t/357,https://www.jamendo.com/track/357,True,False,https://usercontent.jamendo.com?type=album&id=44&width=300&trackid=357,"{'vocalinstrumental': 'instrumental', 'speed': 'medium', 'tags': {'genres': [], 'instruments': [], 'vartags': []}}"
358,Second Chance,283,19,DJ Epsilon,djepsilon,Music For Ever,44,,11,2005-01-28,https://usercontent.jamendo.com?type=album&id=44&width=300&trackid=358,https://prod-1.storage.jamendo.com/?trackid=358&format=mp32&from=6F7ahKBPJaK4brWDbQOy0w%3D%3D%7CehVxHwQNDiy%2FFmCwJLYfkg%3D%3D,https://prod-1.storage.jamendo.com/download/track/358/mp32/,,https://jamen.do/t/358,https://www.jamendo.com/track/358,True,False,https://usercontent.jamendo.com?type=album&id=44&width=300&trackid=358,"{'vocalinstrumental': 'instrumental', 'speed': 'high', 'tags': {'genres': [], 'instruments': [], 'vartags': []}}"
359,Insane,168,19,DJ Epsilon,djepsilon,Music For Ever,44,,12,2005-01-28,https://usercontent.jamendo.com?type=album&id=44&width=300&trackid=359,https://prod-1.storage.jamendo.com/?trackid=359&format=mp32&from=I2%2BPi7vxjn8%2FEGtUKeHKmw%3D%3D%7C2YWOTgHYeoALxEJGwuITWQ%3D%3D,https://prod-1.storage.jamendo.com/download/track/359/mp32/,,https://jamen.do/t/359,https://www.jamendo.com/track/359,True,False,https://usercontent.jamendo.com?type=album&id=44&width=300&trackid=359,"{'vocalinstrumental': 'instrumental', 'speed': 'high', 'tags': {'genres': [], 'instruments': [], 'vartags': []}}"
360,Something Special,206,19,DJ Epsilon,djepsilon,Music For Ever,44,,13,2005-01-28,https://usercontent.jamendo.com?type=album&id=44&width=300&trackid=360,https://prod-1.storage.jamendo.com/?trackid=360&format=mp32&from=dpEmnaFRLdnkvtiggdRoxg%3D%3D%7CKp5VHW55wD%2B3DuB1Hq9rbQ%3D%3D,https://prod-1.storage.jamendo.com/download/track/360/mp32/,,https://jamen.do/t/360,https://www.jamendo.com/track/360,True,False,https://usercontent.jamendo.com?type=album&id=44&width=300&trackid=360,"{'vocalinstrumental': 'instrumental', 'speed': 'medium', 'tags': {'genres': [], 'instruments': [], 'vartags': []}}"
361,Incantation Critique,341,19,DJ Epsilon,djepsilon,Music For Ever,44,,14,2005-01-28,https://usercontent.jamendo.com?type=album&id=44&width=300&trackid=361,https://prod-1.storage.jamendo.com/?trackid=361&format=mp32&from=9DemdzQHPRLZMN61SIhX6A%3D%3D%7CafTsDHtYVgAP0UiA6Hnh2Q%3D%3D,https://prod-1.storage.jamendo.com/download/track/361/mp32/,,https://jamen.do/t/361,https://www.jamendo.com/track/361,True,False,https://usercontent.jamendo.com?type=album&id=44&width=300&trackid=361,"{'vocalinstrumental': 'instrumental', 'speed': 'high', 'tags': {'genres': [], 'instruments': [], 'vartags': []}}"
362,Another Dimension,270,19,DJ Epsilon,djepsilon,Music For Ever,44,,15,2005-01-28,https://usercontent.jamendo.com?type=album&id=44&width=300&trackid=362,https://prod-1.storage.jamendo.com/?trackid=362&format=mp32&from=5oB8oOuo3EYS4u%2FhfIYj%2FQ%3D%3D%7C17qTgydx4pczMWZ7fUu62A%3D%3D,https://prod-1.storage.jamendo.com/download/track/362/mp32/,,https://jamen.do/t/362,https://www.jamendo.com/track/362,True,False,https://usercontent.jamendo.com?type=album&id=44&width=300&trackid=362,"{'vocalinstrumental': 'instrumental', 'speed': 'high', 'tags': {'genres': [], 'instruments': [], 'vartags': []}}"
363,Raving Melodies,296,19,DJ Epsilon,djepsilon,Music For Ever,44,,16,2005-01-28,https://usercontent.jamendo.com?type=album&id=44&width=300&trackid=363,https://prod-1.storage.jamendo.com/?trackid=363&format=mp32&from=a3maT8M1SkQldN3rDFWPlA%3D%3D%7C6cmqb5uxvsnxeJ1nC0wUhQ%3D%3D,https://prod-1.storage.jamendo.com/download/track/363/mp32/,,https://jamen.do/t/363,https://www.jamendo.com/track/363,True,False,https://usercontent.jamendo.com?type=album&id=44&width=300&trackid=363,"{'vocalinstrumental': 'instrumental', 'speed': 'high', 'tags': {'genres': [], 'instruments': [], 'vartags': []}}"
364,Unreal Attack,296,19,DJ Epsilon,djepsilon,Music For Ever,44,,17,2005-01-28,https://usercontent.jamendo.com?type=album&id=44&width=300&trackid=364,https://prod-1.storage.jamendo.com/?trackid=364&format=mp32&from=%2B4KeO5g0bzmAAHJYrapppQ%3D%3D%7CNgRBvk1zoARMytWV7PuU6w%3D%3D,https://prod-1.storage.jamendo.com/download/track/364/mp32/,,https://jamen.do/t/364,https://www.jamendo.com/track/364,True,False,https://usercontent.jamendo.com?type=album&id=44&width=300&trackid=364,"{'vocalinstrumental': 'instrumental', 'speed': 'medium', 'tags': {'genres': [], 'instruments': [], 'vartags': []}}"
365,Digital Peace,303,19,DJ Epsilon,djepsilon,Music For Ever,44,,18,2005-01-28,https://usercontent.jamendo.com?type=album&id=44&width=300&trackid=365,https://prod-1.storage.jamendo.com/?trackid=365&format=mp32&from=wVOVepjRO7vaQwvGR07GXQ%3D%3D%7CqIEt%2BX0n2vyWbxzT291E3A%3D%3D,https://prod-1.storage.jamendo.com/download/track/365/mp32/,,https://jamen.do/t/365,https://www.jamendo.com/track/365,True,False,https://usercontent.jamendo.com?type=album&id=44&width=300&trackid=365,"{'vocalinstrumental': 'instrumental', 'speed': 'medium', 'tags': {'genres': [], 'instruments': [], 'vartags': []}}"
381,Go down Moses (Negro Spiritual),182,20,Les Petits Chanteurs de Montigny,pcmontigny,Compilation classique,46,,1,2005-02-08,https://usercontent.jamendo.com?type=album&id=46&width=300&trackid=381,https://prod-1.storage.jamendo.com/?trackid=381&format=mp32&from=cmHlGoXEs2XrGc%2FN%2FxCfDg%3D%3D%7CZC8wyETP%2BlLkCQVhQPbqHA%3D%3D,https://prod-1.storage.jamendo.com/download/track/381/mp32/,,https://jamen.do/t/381,https://www.jamendo.com/track/381,True,False,https://usercontent.jamendo.com?type=album&id=46&width=300&trackid=381,"{'vocalinstrumental': 'vocal', 'lang': 'en', 'gender': 'male', 'acousticelectric': 'acoustic', 'speed': 'medium', 'tags': {'genres': ['classical'], 'instruments': [], 'vartags': ['neutral', 'chorale']}}"
382,Soon and Very Soon (Negro Spiritual),211,20,Les Petits Chanteurs de Montigny,pcmontigny,Compilation classique,46,,2,2005-02-08,https://usercontent.jamendo.com?type=album&id=46&width=300&trackid=382,https://prod-1.storage.jamendo.com/?trackid=382&format=mp32&from=DDgk1Qvx6ttJ1KZx%2BSXY6g%3D%3D%7C9%2F4V5BNSB4UAZ9ZB7EpT3g%3D%3D,https://prod-1.storage.jamendo.com/download/track/382/mp32/,,https://jamen.do/t/382,https://www.jamendo.com/track/382,True,False,https://usercontent.jamendo.com?type=album&id=46&width=300&trackid=382,"{'vocalinstrumental': 'vocal', 'lang': 'en', 'acousticelectric': 'acoustic', 'speed': 'medium', 'tags': {'genres': ['choral'], 'instruments': ['piano', 'strings'], 'vartags': ['spiritual', 'peaceful']}}"
383,Go tell it on the mountain (Negro Spiritual),113,20,Les Petits Chanteurs de Montigny,pcmontigny,Compilation classique,46,,3,2005-02-08,https://usercontent.jamendo.com?type=album&id=46&width=300&trackid=383,https://prod-1.storage.jamendo.com/?trackid=383&format=mp32&from=jFsbx2Zmn5XCM5D5%2B50kNg%3D%3D%7CKA3E23t662DdFTkt5kqtHQ%3D%3D,https://prod-1.storage.jamendo.com/download/track/383/mp32/,,https://jamen.do/t/383,https://www.jamendo.com/track/383,True,False,https://usercontent.jamendo.com?type=album&id=46&width=300&trackid=383,"{'vocalinstrumental': 'vocal', 'speed': 'medium', 'tags': {'genres': ['choral'], 'instruments': [], 'vartags': ['acappella', 'peaceful']}}"
384,Let us break bread (Negro Spiritual),115,20,Les Petits Chanteurs de Montigny,pcmontigny,Compilation classique,46,,4,2005-02-08,https://usercontent.jamendo.com?type=album&id=46&width=300&trackid=384,https://prod-1.storage.jamendo.com/?trackid=384&format=mp32&from=zB0T0DsspKNRULB4g2NDhg%3D%3D%7C2yaUU0N3DSUxUof5foNNdg%3D%3D,https://prod-1.storage.jamendo.com/download/track/384/mp32/,,https://jamen.do/t/384,https://www.jamendo.com/track/384,True,False,https://usercontent.jamendo.com?type=album&id=46&width=300&trackid=384,"{'vocalinstrumental': 'vocal', 'lang': 'en', 'speed': 'medium', 'tags': {'genres': ['classical', 'choral'], 'instruments': [], 'vartags': ['acappella', 'peaceful']}}"
385,Ave Maria (Sylvain Zimmer),177,20,Les Petits Chanteurs de Montigny,pcmontigny,Compilation classique,46,,5,2005-02-08,https://usercontent.jamendo.com?type=album&id=46&width=300&trackid=385,https://prod-1.storage.jamendo.com/?trackid=385&format=mp32&from=zcnWjQ4aXFk1uJGSAjxTcg%3D%3D%7CUrX52HyJ5XBkoc3y7lZmlg%3D%3D,https://prod-1.storage.jamendo.com/download/track/385/mp32/,,https://jamen.do/t/385,https://www.jamendo.com/track/385,True,False,https://usercontent.jamendo.com?type=album&id=46&width=300&trackid=385,"{'vocalinstrumental': 'vocal', 'gender': 'male', 'acousticelectric': 'electric', 'speed': 'medium', 'tags': {'genres': ['classical'], 'instruments': [], 'vartags': ['sad', 'chorale']}}"
386,Cantate Domino (Johann Crüger),103,20,Les Petits Chanteurs de Montigny,pcmontigny,Compilation classique,46,,6,2005-02-08,https://usercontent.jamendo.com?type=album&id=46&width=300&trackid=386,https://prod-1.storage.jamendo.com/?trackid=386&format=mp32&from=4hAeYvMDtaRgzDiP6Ej6cA%3D%3D%7CnNwzS%2B4J6%2FUMt9l%2Bu1QIaQ%3D%3D,https://prod-1.storage.jamendo.com/download/track/386/mp32/,,https://jamen.do/t/386,https://www.jamendo.com/track/386,True,False,https://usercontent.jamendo.com?type=album&id=46&width=300&trackid=386,"{'vocalinstrumental': 'vocal', 'gender': 'female', 'acousticelectric': 'acoustic', 'speed': 'medium', 'tags': {'genres': ['classical', 'choral'], 'instruments': [], 'vartags': ['acappella', 'peaceful', 'chorale']}}"
387,Cantique de Jean Racine (Gabriel Fauré),257,20,Les Petits Chanteurs de Montigny,pcmontigny,Compilation classique,46,,7,2005-02-08,https://usercontent.jamendo.com?type=album&id=46&width=300&trackid=387,https://prod-1.storage.jamendo.com/?trackid=387&format=mp32&from=l3IbMIjSUGHSMH15Kzv7jA%3D%3D%7CMqLTYrlYZZK4zAtH6EFJng%3D%3D,https://prod-1.storage.jamendo.com/download/track/387/mp32/,,https://jamen.do/t/387,https://www.jamendo.com/track/387,True,False,https://usercontent.jamendo.com?type=album&id=46&width=300&trackid=387,"{'vocalinstrumental': 'vocal', 'gender': 'male', 'acousticelectric': 'acoustic', 'speed': 'medium', 'tags': {'genres': ['gospel', 'classical'], 'instruments': [], 'vartags': ['sad', 'chorale']}}"
388,Jubilemus Exultemus (François Couperin),124,20,Les Petits Chanteurs de Montigny,pcmontigny,Compilation classique,46,,8,2005-02-08,https://usercontent.jamendo.com?type=album&id=46&width=300&trackid=388,https://prod-1.storage.jamendo.com/?trackid=388&format=mp32&from=dmfRGXIzW5DM2xnSRef2Qg%3D%3D%7C%2B4UNHv83%2FejvLOmOUC0neg%3D%3D,https://prod-1.storage.jamendo.com/download/track/388/mp32/,,https://jamen.do/t/388,https://www.jamendo.com/track/388,True,False,https://usercontent.jamendo.com?type=album&id=46&width=300&trackid=388,"{'vocalinstrumental': 'vocal', 'acousticelectric': 'acoustic', 'speed': 'medium', 'tags': {'genres': [], 'instruments': ['harpsichord'], 'vartags': ['spiritual', 'peaceful', 'chorale']}}"
389,Nocturnes (W.A. Mozart),150,20,Les Petits Chanteurs de Montigny,pcmontigny,Compilation classique,46,,9,2005-02-08,https://usercontent.jamendo.com?type=album&id=46&width=300&trackid=389,https://prod-1.storage.jamendo.com/?trackid=389&format=mp32&from=fZRu2PDP6f%2FRtu%2BOJvwRYw%3D%3D%7C3A8DqEc53CqozRSXeVU0pQ%3D%3D,https://prod-1.storage.jamendo.com/download/track/389/mp32/,,https://jamen.do/t/389,https://www.jamendo.com/track/389,True,False,https://usercontent.jamendo.com?type=album&id=46&width=300&trackid=389,"{'vocalinstrumental': 'vocal', 'gender': 'female', 'acousticelectric': 'acoustic', 'speed': 'medium', 'tags': {'genres': ['choral'], 'instruments': [], 'vartags': ['acappella', 'peaceful']}}"
390,Psaume 61 (Joseph Haydn),133,20,Les Petits Chanteurs de Montigny,pcmontigny,Compilation classique,46,,10,2005-02-08,https://usercontent.jamendo.com?type=album&id=46&width=300&trackid=390,https://prod-1.storage.jamendo.com/?trackid=390&format=mp32&from=geqf5PCLIkwrzUIzza7BUw%3D%3D%7CB3xXJ54JrjI5TFJNdxbdmA%3D%3D,https://prod-1.storage.jamendo.com/download/track/390/mp32/,,https://jamen.do/t/390,https://www.jamendo.com/track/390,True,False,https://usercontent.jamendo.com?type=album&id=46&width=300&trackid=390,"{'vocalinstrumental': 'vocal', 'gender': 'male', 'speed': 'medium', 'tags': {'genres': ['classical', 'choral'], 'instruments': [], 'vartags': ['religious', 'peaceful', 'enfants']}}"
391,Cantate Domino (G.O. Pitoni),82,20,Les Petits Chanteurs de Montigny,pcmontigny,Compilation classique,46,,11,2005-02-08,https://usercontent.jamendo.com?type=album&id=46&width=300&trackid=391,https://prod-1.storage.jamendo.com/?trackid=391&format=mp32&from=Clhyp58%2FQq1rDGNQz1K38Q%3D%3D%7C5o3oWhOXLo0Y2sf4K4T1iQ%3D%3D,https://prod-1.storage.jamendo.com/download/track/391/mp32/,,https://jamen.do/t/391,https://www.jamendo.com/track/391,True,False,https://usercontent.jamendo.com?type=album&id=46&width=300&trackid=391,"{'vocalinstrumental': 'vocal', 'speed': 'medium', 'tags': {'genres': ['choral'], 'instruments': [], 'vartags': ['acappella', 'peaceful']}}"
392,Messe à 3 voix (Antonio Lotti),127,20,Les Petits Chanteurs de Montigny,pcmontigny,Compilation classique,46,,12,2005-02-08,https://usercontent.jamendo.com?type=album&id=46&width=300&trackid=392,https://prod-1.storage.jamendo.com/?trackid=392&format=mp32&from=Iacm3C1bHhHCLkX8s9tdJQ%3D%3D%7C8yWMYg7oWpR9%2FeAE8A%2BunQ%3D%3D,https://prod-1.storage.jamendo.com/download/track/392/mp32/,,https://jamen.do/t/392,https://www.jamendo.com/track/392,True,False,https://usercontent.jamendo.com?type=album&id=46&width=300&trackid=392,"{'vocalinstrumental': 'vocal', 'speed': 'medium', 'tags': {'genres': ['choral'], 'instruments': [], 'vartags': ['acappella', 'peaceful']}}"
393,O bone Jesu (C.G. Reissiger),132,20,Les Petits Chanteurs de Montigny,pcmontigny,Compilation classique,46,,13,2005-02-08,https://usercontent.jamendo.com?type=album&id=46&width=300&trackid=393,https://prod-1.storage.jamendo.com/?trackid=393&format=mp32&from=VWtHjtJ8dkUTb9hO4yj1jA%3D%3D%7CJZL4TF6Da4sHdOHedqk7fQ%3D%3D,https://prod-1.storage.jamendo.com/download/track/393/mp32/,,https://jamen.do/t/393,https://www.jamendo.com/track/393,True,False,https://usercontent.jamendo.com?type=album&id=46&width=300&trackid=393,"{'vocalinstrumental': 'vocal', 'speed': 'medium', 'tags': {'genres': ['choral'], 'instruments': [], 'vartags': ['acappella', 'peaceful']}}"
394,Alma Redemptoris Mater (G.P. da Palestrina),143,20,Les Petits Chanteurs de Montigny,pcmontigny,Compilation classique,46,,14,2005-02-08,https://usercontent.jamendo.com?type=album&id=46&width=300&trackid=394,https://prod-1.storage.jamendo.com/?trackid=394&format=mp32&from=BJQiYzhF5x9ipzu9cAZOdg%3D%3D%7CQjeBI700L6A%2BmFcNN2St6w%3D%3D,https://prod-1.storage.jamendo.com/download/track/394/mp32/,,https://jamen.do/t/394,https://www.jamendo.com/track/394,True,False,https://usercontent.jamendo.com?type=album&id=46&width=300&trackid=394,"{'vocalinstrumental': 'vocal', 'speed': 'medium', 'tags': {'genres': ['choral'], 'instruments': [], 'vartags': ['acappella', 'peaceful']}}"
395,L'immensité du firmament (Benedetto Marcello),111,20,Les Petits Chanteurs de Montigny,pcmontigny,Compilation classique,46,,15,2005-02-08,https://usercontent.jamendo.com?type=album&id=46&width=300&trackid=395,https://prod-1.storage.jamendo.com/?trackid=395&format=mp32&from=h6leexwo1GE%2FPmc6kEvphA%3D%3D%7CTTapf9M6n23XbnWdtlfS9g%3D%3D,https://prod-1.storage.jamendo.com/download/track/395/mp32/,,https://jamen.do/t/395,https://www.jamendo.com/track/395,True,False,https://usercontent.jamendo.com?type=album&id=46&width=300&trackid=395,"{'vocalinstrumental': 'vocal', 'lang': 'fr', 'speed': 'medium', 'tags': {'genres': ['choral'], 'instruments': [], 'vartags': ['acappella', 'peaceful']}}"
458,Pêle-Mêle,189,22,Acoustic Affinités,acoustic.affinites,Scénario compliqué,50,,1,2005-02-17,https://usercontent.jamendo.com?type=album&id=50&width=300&trackid=458,https://prod-1.storage.jamendo.com/?trackid=458&format=mp32&from=4X%2BQWzQyqqRMAw9u0e6aSQ%3D%3D%7CijR5Je9x%2BZ8HqQS2e6TRQA%3D%3D,https://prod-1.storage.jamendo.com/download/track/458/mp32/,,https://jamen.do/t/458,https://www.jamendo.com/track/458,True,False,https://usercontent.jamendo.com?type=album&id=50&width=300&trackid=458,"{'vocalinstrumental': 'vocal', 'gender': 'male', 'speed': 'medium', 'tags': {'genres': [], 'instruments': [], 'vartags': []}}"
459,Le grand découpage,242,22,Acoustic Affinités,acoustic.affinites,Scénario compliqué,50,,2,2005-02-17,https://usercontent.jamendo.com?type=album&id=50&width=300&trackid=459,https://prod-1.storage.jamendo.com/?trackid=459&format=mp32&from=IYNtiAi3dsL2dCoXgLfsUQ%3D%3D%7CLcctzcM01RZZo71FfbMvvQ%3D%3D,https://prod-1.storage.jamendo.com/download/track/459/mp32/,,https://jamen.do/t/459,https://www.jamendo.com/track/459,True,False,https://usercontent.jamendo.com?type=album&id=50&width=300&trackid=459,"{'vocalinstrumental': 'vocal', 'speed': 'medium', 'tags': {'genres': [], 'instruments': [], 'vartags': []}}"
460,La face cachée,220,22,Acoustic Affinités,acoustic.affinites,Scénario compliqué,50,,3,2005-02-17,https://usercontent.jamendo.com?type=album&id=50&width=300&trackid=460,https://prod-1.storage.jamendo.com/?trackid=460&format=mp32&from=8Kk%2Bx4iGtL8GpF3n6S28tA%3D%3D%7C8uZCwymx%2BNWmvY65xyjCkQ%3D%3D,https://prod-1.storage.jamendo.com/download/track/460/mp32/,,https://jamen.do/t/460,https://www.jamendo.com/track/460,True,False,https://usercontent.jamendo.com?type=album&id=50&width=300&trackid=460,"{'vocalinstrumental': 'vocal', 'gender': 'male', 'speed': 'medium', 'tags': {'genres': [], 'instruments': [], 'vartags': []}}"
461,Destins fragiles,276,22,Acoustic Affinités,acoustic.affinites,Scénario compliqué,50,,4,2005-02-17,https://usercontent.jamendo.com?type=album&id=50&width=300&trackid=461,https://prod-1.storage.jamendo.com/?trackid=461&format=mp32&from=2FAkOxKdxePIR4%2BnematVQ%3D%3D%7C9e%2FpNPNDlsNZi6lAIs7q8A%3D%3D,https://prod-1.storage.jamendo.com/download/track/461/mp32/,,https://jamen.do/t/461,https://www.jamendo.com/track/461,True,False,https://usercontent.jamendo.com?type=album&id=50&width=300&trackid=461,"{'vocalinstrumental': 'vocal', 'gender': 'male', 'speed': 'medium', 'tags': {'genres': [], 'instruments': [], 'vartags': []}}"
462,Décembre sous la pluie,249,22,Acoustic Affinités,acoustic.affinites,Scénario compliqué,50,,5,2005-02-17,https://usercontent.jamendo.com?type=album&id=50&width=300&trackid=462,https://prod-1.storage.jamendo.com/?trackid=462&format=mp32&from=mBB5FX28if6r4pUE%2BtMMuw%3D%3D%7C%2Bg8%2FzAxf95WfBhk0sPmxnQ%3D%3D,https://prod-1.storage.jamendo.com/download/track/462/mp32/,,https://jamen.do/t/462,https://www.jamendo.com/track/462,True,False,https://usercontent.jamendo.com?type=album&id=50&width=300&trackid=462,"{'vocalinstrumental': 'instrumental', 'speed': 'medium', 'tags': {'genres': [], 'instruments': [], 'vartags': []}}"
463,Scénario compliqué,281,22,Acoustic Affinités,acoustic.affinites,Scénario compliqué,50,,6,2005-02-17,https://usercontent.jamendo.com?type=album&id=50&width=300&trackid=463,https://prod-1.storage.jamendo.com/?trackid=463&format=mp32&from=R4njwMXHDQHw9SfPF43evA%3D%3D%7C2aY%2Bo2VSDzMHngpmMdCvtQ%3D%3D,https://prod-1.storage.jamendo.com/download/track/463/mp32/,,https://jamen.do/t/463,https://www.jamendo.com/track/463,True,False,https://usercontent.jamendo.com?type=album&id=50&width=300&trackid=463,"{'vocalinstrumental': 'vocal', 'gender': 'male', 'speed': 'medium', 'tags': {'genres': [], 'instruments': [], 'vartags': []}}"
464,J'ignore encore,192,22,Acoustic Affinités,acoustic.affinites,Scénario compliqué,50,,7,2005-02-17,https://usercontent.jamendo.com?type=album&id=50&width=300&trackid=464,https://prod-1.storage.jamendo.com/?trackid=464&format=mp32&from=8VCqBS2D%2Bc5WX6kbz8nEnw%3D%3D%7CeTPTIxFi4uA1YcM98panfQ%3D%3D,https://prod-1.storage.jamendo.com/download/track/464/mp32/,,https://jamen.do/t/464,https://www.jamendo.com/track/464,True,False,https://usercontent.jamendo.com?type=album&id=50&width=300&trackid=464,"{'vocalinstrumental': 'vocal', 'gender': 'male', 'speed': 'medium', 'tags': {'genres': [], 'instruments': [], 'vartags': []}}"
465,NPAI (N'habite Plus à l'Adresse Indiquée),178,22,Acoustic Affinités,acoustic.affinites,Scénario compliqué,50,,8,2005-02-17,https://usercontent.jamendo.com?type=album&id=50&width=300&trackid=465,https://prod-1.storage.jamendo.com/?trackid=465&format=mp32&from=1leKHtzX3wW0Ulc4d0yLZw%3D%3D%7CUDueZZ6sKye41FXbJvIxjg%3D%3D,https://prod-1.storage.jamendo.com/download/track/465/mp32/,,https://jamen.do/t/465,https://www.jamendo.com/track/465,True,False,https://usercontent.jamendo.com?type=album&id=50&width=300&trackid=465,"{'vocalinstrumental': 'vocal', 'gender': 'male', 'speed': 'medium', 'tags': {'genres': [], 'instruments': [], 'vartags': []}}"
466,Route de Cornusse,185,22,Acoustic Affinités,acoustic.affinites,Scénario compliqué,50,,9,2005-02-17,https://usercontent.jamendo.com?type=album&id=50&width=300&trackid=466,https://prod-1.storage.jamendo.com/?trackid=466&format=mp32&from=S2nXOO3MCoWMhwKUvmtHFA%3D%3D%7CFkB8l2DqGfPWRa%2F6N9KeIA%3D%3D,https://prod-1.storage.jamendo.com/download/track/466/mp32/,,https://jamen.do/t/466,https://www.jamendo.com/track/466,True,False,https://usercontent.jamendo.com?type=album&id=50&width=300&trackid=466,"{'vocalinstrumental': 'instrumental', 'speed': 'medium', 'tags': {'genres': [], 'instruments': [], 'vartags': []}}"
467,Partage,190,22,Acoustic Affinités,acoustic.affinites,Scénario compliqué,50,,10,2005-02-17,https://usercontent.jamendo.com?type=album&id=50&width=300&trackid=467,https://prod-1.storage.jamendo.com/?trackid=467&format=mp32&from=Bm%2FHXY8e1tlm866DXmZi0Q%3D%3D%7C2yat5a4KsxsyyBzeEvhbGg%3D%3D,https://prod-1.storage.jamendo.com/download/track/467/mp32/,,https://jamen.do/t/467,https://www.jamendo.com/track/467,True,False,https://usercontent.jamendo.com?type=album&id=50&width=300&trackid=467,"{'vocalinstrumental': 'vocal', 'gender': 'male', 'speed': 'medium', 'tags': {'genres': [], 'instruments': [], 'vartags': []}}"
468,Mon amour impossible,215,22,Acoustic Affinités,acoustic.affinites,Scénario compliqué,50,,11,2005-02-17,https://usercontent.jamendo.com?type=album&id=50&width=300&trackid=468,https://prod-1.storage.jamendo.com/?trackid=468&format=mp32&from=C%2BBsITFkIF1BuPNhwtVxTA%3D%3D%7CL4T%2BHVnQDkSmYqEFXFFHcA%3D%3D,https://prod-1.storage.jamendo.com/download/track/468/mp32/,,https://jamen.do/t/468,https://www.jamendo.com/track/468,True,False,https://usercontent.jamendo.com?type=album&id=50&width=300&trackid=468,"{'vocalinstrumental': 'vocal', 'gender': 'male', 'speed': 'medium', 'tags': {'genres': [], 'instruments': [], 'vartags': []}}"
469,Minuit à Wemperhaardt,253,22,Acoustic Affinités,acoustic.affinites,Scénario compliqué,50,,12,2005-02-17,https://usercontent.jamendo.com?type=album&id=50&width=300&trackid=469,https://prod-1.storage.jamendo.com/?trackid=469&format=mp32&from=qAJGKvbKVEkbg1Qr42Vc0Q%3D%3D%7C2QvOCRawd2FcieUecRWCjA%3D%3D,https://prod-1.storage.jamendo.com/download/track/469/mp32/,,https://jamen.do/t/469,https://www.jamendo.com/track/469,True,False,https://usercontent.jamendo.com?type=album&id=50&width=300&trackid=469,"{'vocalinstrumental': 'instrumental', 'speed': 'medium', 'tags': {'genres': [], 'instruments': [], 'vartags': []}}"
470,A mi-chemin du ciel,192,22,Acoustic Affinités,acoustic.affinites,Scénario compliqué,50,,13,2005-02-17,https://usercontent.jamendo.com?type=album&id=50&width=300&trackid=470,https://prod-1.storage.jamendo.com/?trackid=470&format=mp32&from=eenF%2ByJNdQ2F%2F1RVuIHz7w%3D%3D%7CFPtKh5SW0d%2B9KizCFPvNJg%3D%3D,https://prod-1.storage.jamendo.com/download/track/470/mp32/,,https://jamen.do/t/470,https://www.jamendo.com/track/470,True,False,https://usercontent.jamendo.com?type=album&id=50&width=300&trackid=470,"{'vocalinstrumental': 'vocal', 'gender': 'male', 'speed': 'medium', 'tags': {'genres': [], 'instruments': [], 'vartags': []}}"
473,Treyban,337,24,TORP,torp,4,53,,1,2005-02-24,https://usercontent.jamendo.com?type=album&id=53&width=300&trackid=473,https://prod-1.storage.jamendo.com/?trackid=473&format=mp32&from=Fs3y2EAzZNQNBg6h%2BmwRMA%3D%3D%7CwxwW1qmmrp4GHXdCsQI7aw%3D%3D,https://prod-1.storage.jamendo.com/download/track/473/mp32/,,https://jamen.do/t/473,https://www.jamendo.com/track/473,True,False,https://usercontent.jamendo.com?type=album&id=53&width=300&trackid=473,"{'vocalinstrumental': 'instrumental', 'speed': 'medium', 'tags': {'genres': [], 'instruments': [], 'vartags': []}}"
474,Maxime,372,24,TORP,torp,4,53,,2,2005-02-24,https://usercontent.jamendo.com?type=album&id=53&width=300&trackid=474,https://prod-1.storage.jamendo.com/?trackid=474&format=mp32&from=OoH0J5yTpPkxgoefyihtUw%3D%3D%7C8bZpSb1g58FXQz91kw9%2BBA%3D%3D,https://prod-1.storage.jamendo.com/download/track/474/mp32/,,https://jamen.do/t/474,https://www.jamendo.com/track/474,True,False,https://usercontent.jamendo.com?type=album&id=53&width=300&trackid=474,"{'vocalinstrumental': 'instrumental', 'speed': 'medium', 'tags': {'genres': [], 'instruments': [], 'vartags': []}}"
475,Jazzy,355,24,TORP,torp,4,53,,3,2005-02-24,https://usercontent.jamendo.com?type=album&id=53&width=300&trackid=475,https://prod-1.storage.jamendo.com/?trackid=475&format=mp32&from=jDCH3z30hu1liP5AgXlpwg%3D%3D%7CBX23%2BOxAWYypQiGGMbS5aQ%3D%3D,https://prod-1.storage.jamendo.com/download/track/475/mp32/,,https://jamen.do/t/475,https://www.jamendo.com/track/475,True,False,https://usercontent.jamendo.com?type=album&id=53&width=300&trackid=475,"{'vocalinstrumental': 'instrumental', 'speed': 'medium', 'tags': {'genres': [], 'instruments': [], 'vartags': []}}"
476,Univers,410,24,TORP,torp,4,53,,4,2005-02-24,https://usercontent.jamendo.com?type=album&id=53&width=300&trackid=476,https://prod-1.storage.jamendo.com/?trackid=476&format=mp32&from=V4LNlX5sTAWkJ%2BRCNFoCBg%3D%3D%7CDVj7vuJ9cRHGh2PRXS8ziw%3D%3D,https://prod-1.storage.jamendo.com/download/track/476/mp32/,,https://jamen.do/t/476,https://www.jamendo.com/track/476,True,False,https://usercontent.jamendo.com?type=album&id=53&width=300&trackid=476,"{'vocalinstrumental': 'instrumental', 'speed': 'medium', 'tags': {'genres': [], 'instruments': [], 'vartags': []}}"
477,Méchant,272,24,TORP,torp,4,53,,5,2005-02-24,https://usercontent.jamendo.com?type=album&id=53&width=300&trackid=477,https://prod-1.storage.jamendo.com/?trackid=477&format=mp32&from=M4eoN0L56kyXDTw2atcMSg%3D%3D%7CAaGQeXvRrCkgED5594SHLg%3D%3D,https://prod-1.storage.jamendo.com/download/track/477/mp32/,,https://jamen.do/t/477,https://www.jamendo.com/track/477,True,False,https://usercontent.jamendo.com?type=album&id=53&width=300&trackid=477,"{'vocalinstrumental': 'instrumental', 'speed': 'medium', 'tags': {'genres': [], 'instruments': [], 'vartags': []}}"
478,Fleur de Cent,324,24,TORP,torp,4,53,,6,2005-02-24,https://usercontent.jamendo.com?type=album&id=53&width=300&trackid=478,https://prod-1.storage.jamendo.com/?trackid=478&format=mp32&from=ZrB%2BJC%2FJ4v%2B1WhSD3Jg15A%3D%3D%7Cw8VGhvUuCqu0%2B486BDbGRQ%3D%3D,https://prod-1.storage.jamendo.com/download/track/478/mp32/,,https://jamen.do/t/478,https://www.jamendo.com/track/478,True,False,https://usercontent.jamendo.com?type=album&id=53&width=300&trackid=478,"{'vocalinstrumental': 'instrumental', 'speed': 'medium', 'tags': {'genres': [], 'instruments': [], 'vartags': []}}"
479,Bonus,152,24,TORP,torp,4,53,,7,2005-02-24,https://usercontent.jamendo.com?type=album&id=53&width=300&trackid=479,https://prod-1.storage.jamendo.com/?trackid=479&format=mp32&from=uAiyAm6jHhmsZTeq6sDZwg%3D%3D%7C8C1NS7UB5VAukUGW8xLfXQ%3D%3D,https://prod-1.storage.jamendo.com/download/track/479/mp32/,,https://jamen.do/t/479,https://www.jamendo.com/track/479,True,False,https://usercontent.jamendo.com?type=album&id=53&width=300&trackid=479,"{'vocalinstrumental': 'instrumental', 'speed': 'medium', 'tags': {'genres': [], 'instruments': [], 'vartags': []}}"
546,End Of Days,169,39,Nonsense,nonsense,Burning Inside,87,,1,2005-03-17,https://usercontent.jamendo.com?type=album&id=87&width=300&trackid=546,https://prod-1.storage.jamendo.com/?trackid=546&format=mp32&from=thhmCq5aUQrbbsuruaNkYA%3D%3D%7C6ersW7BpDiq48LgcUJ4R6w%3D%3D,https://prod-1.storage.jamendo.com/download/track/546/mp32/,,https://jamen.do/t/546,https://www.jamendo.com/track/546,True,False,https://usercontent.jamendo.com?type=album&id=87&width=300&trackid=546,"{'vocalinstrumental': 'vocal', 'gender': 'male', 'speed': 'medium', 'tags': {'genres': [], 'instruments': [], 'vartags': []}}"
547,Sick Fist,151,39,Nonsense,nonsense,Burning Inside,87,,2,2005-03-17,https://usercontent.jamendo.com?type=album&id=87&width=300&trackid=547,https://prod-1.storage.jamendo.com/?trackid=547&format=mp32&from=WUOL%2FEitYcZ6Lym5Gvn7TQ%3D%3D%7CG9H%2BBlDqLQZYOEVnHgCkqg%3D%3D,https://prod-1.storage.jamendo.com/download/track/547/mp32/,,https://jamen.do/t/547,https://www.jamendo.com/track/547,True,False,https://usercontent.jamendo.com?type=album&id=87&width=300&trackid=547,"{'vocalinstrumental': 'vocal', 'gender': 'male', 'speed': 'veryhigh', 'tags': {'genres': [], 'instruments': [], 'vartags': []}}"
548,You Make Me Feel Right,160,39,Nonsense,nonsense,Burning Inside,87,,3,2005-03-17,https://usercontent.jamendo.com?type=album&id=87&width=300&trackid=548,https://prod-1.storage.jamendo.com/?trackid=548&format=mp32&from=1WMjdgNXEuBKlzwncDwiBA%3D%3D%7CFfztJ%2Fneam0xZ17JovHG4g%3D%3D,https://prod-1.storage.jamendo.com/download/track/548/mp32/,,https://jamen.do/t/548,https://www.jamendo.com/track/548,True,False,https://usercontent.jamendo.com?type=album&id=87&width=300&trackid=548,"{'vocalinstrumental': 'vocal', 'gender': 'male', 'speed': 'veryhigh', 'tags': {'genres': [], 'instruments': [], 'vartags': []}}"
549,"Shorter, Faster, Stronger",13,39,Nonsense,nonsense,Burning Inside,87,,4,2005-03-17,https://usercontent.jamendo.com?type=album&id=87&width=300&trackid=549,https://prod-1.storage.jamendo.com/?trackid=549&format=mp32&from=E72P%2BtsprcDr%2B4D8xnB7GQ%3D%3D%7CukNCkggVCU%2Bl85Y1aqGu2w%3D%3D,https://prod-1.storage.jamendo.com/download/track/549/mp32/,,https://jamen.do/t/549,https://www.jamendo.com/track/549,True,False,https://usercontent.jamendo.com?type=album&id=87&width=300&trackid=549,"{'vocalinstrumental': 'instrumental', 'speed': 'high', 'tags': {'genres': [], 'instruments': [], 'vartags': []}}"
550,Spleen (DFL),191,39,Nonsense,nonsense,Burning Inside,87,,5,2005-03-17,https://usercontent.jamendo.com?type=album&id=87&width=300&trackid=550,https://prod-1.storage.jamendo.com/?trackid=550&format=mp32&from=fyZt37q6GpRzD89%2F4yhMjg%3D%3D%7CFXNQnBhLtLaYPZyxcb6%2BkQ%3D%3D,https://prod-1.storage.jamendo.com/download/track/550/mp32/,,https://jamen.do/t/550,https://www.jamendo.com/track/550,True,False,https://usercontent.jamendo.com?type=album&id=87&width=300&trackid=550,"{'vocalinstrumental': 'vocal', 'gender': 'male', 'speed': 'veryhigh', 'tags': {'genres': [], 'instruments': [], 'vartags': []}}"
551,Our Showdown,336,39,Nonsense,nonsense,Burning Inside,87,,6,2005-03-17,https://usercontent.jamendo.com?type=album&id=87&width=300&trackid=551,https://prod-1.storage.jamendo.com/?trackid=551&format=mp32&from=tFeRckFoqm4o%2BNawI69dKA%3D%3D%7CW8tFVyv5AbkiVORH6bus6g%3D%3D,https://prod-1.storage.jamendo.com/download/track/551/mp32/,,https://jamen.do/t/551,https://www.jamendo.com/track/551,True,False,https://usercontent.jamendo.com?type=album&id=87&width=300&trackid=551,"{'vocalinstrumental': 'vocal', 'gender': 'male', 'speed': 'medium', 'tags': {'genres': [], 'instruments': [], 'vartags': []}}"
552,Fed Up With War,198,39,Nonsense,nonsense,Burning Inside,87,,7,2005-03-17,https://usercontent.jamendo.com?type=album&id=87&width=300&trackid=552,https://prod-1.storage.jamendo.com/?trackid=552&format=mp32&from=sq7oMsU8aeABU5spCSwCbg%3D%3D%7ChU5OFme%2BBLlBpVWYawDPJQ%3D%3D,https://prod-1.storage.jamendo.com/download/track/552/mp32/,,https://jamen.do/t/552,https://www.jamendo.com/track/552,True,False,https://usercontent.jamendo.com?type=album&id=87&width=300&trackid=552,"{'vocalinstrumental': 'vocal', 'gender': 'male', 'speed': 'veryhigh', 'tags': {'genres': [], 'instruments': [], 'vartags': []}}"
553,In the Moon,180,25,All the living and the dead,all.the.living.and.the.dead,In the Moon,88,,1,2005-03-17,https://usercontent.jamendo.com?type=album&id=88&width=300&trackid=553,https://prod-1.storage.jamendo.com/?trackid=553&format=mp32&from=L2n1ReZG7eqXJV16Owj6hA%3D%3D%7CUE0cwLhrZkQ6PIIVLy%2F2zw%3D%3D,https://prod-1.storage.jamendo.com/download/track/553/mp32/,,https://jamen.do/t/553,https://www.jamendo.com/track/553,True,False,https://usercontent.jamendo.com?type=album&id=88&width=300&trackid=553,"{'vocalinstrumental': 'vocal', 'gender': 'female', 'speed': 'high', 'tags': {'genres': [], 'instruments': [], 'vartags': []}}"
554,M.O.R.S.E.,285,25,All the living and the dead,all.the.living.and.the.dead,In the Moon,88,,2,2005-03-17,https://usercontent.jamendo.com?type=album&id=88&width=300&trackid=554,https://prod-1.storage.jamendo.com/?trackid=554&format=mp32&from=raLSlYUzMonpETP661bGdQ%3D%3D%7C%2FHxCA25%2F5WvcIBtAeaFLZA%3D%3D,https://prod-1.storage.jamendo.com/download/track/554/mp32/,,https://jamen.do/t/554,https://www.jamendo.com/track/554,True,False,https://usercontent.jamendo.com?type=album&id=88&width=300&trackid=554,"{'vocalinstrumental': 'vocal', 'speed': 'medium', 'tags': {'genres': [], 'instruments': [], 'vartags': []}}"
555,Untrue,195,25,All the living and the dead,all.the.living.and.the.dead,In the Moon,88,,3,2005-03-17,https://usercontent.jamendo.com?type=album&id=88&width=300&trackid=555,https://prod-1.storage.jamendo.com/?trackid=555&format=mp32&from=JS%2BDWY2SaIvGw6Lj6YvjAQ%3D%3D%7CafvzhUXYm%2Fd1%2BrYuIRklYg%3D%3D,https://prod-1.storage.jamendo.com/download/track/555/mp32/,,https://jamen.do/t/555,https://www.jamendo.com/track/555,True,False,https://usercontent.jamendo.com?type=album&id=88&width=300&trackid=555,"{'vocalinstrumental': 'vocal', 'gender': 'female', 'speed': 'medium', 'tags': {'genres': [], 'instruments': [], 'vartags': []}}"
556,Drive Me,311,25,All the living and the dead,all.the.living.and.the.dead,In the Moon,88,,4,2005-03-17,https://usercontent.jamendo.com?type=album&id=88&width=300&trackid=556,https://prod-1.storage.jamendo.com/?trackid=556&format=mp32&from=KOf88RccgbXgONHWa1RM4Q%3D%3D%7CZ5abmfhMuwzAEVbuwJB77Q%3D%3D,https://prod-1.storage.jamendo.com/download/track/556/mp32/,,https://jamen.do/t/556,https://www.jamendo.com/track/556,True,False,https://usercontent.jamendo.com?type=album&id=88&width=300&trackid=556,"{'vocalinstrumental': 'vocal', 'gender': 'female', 'speed': 'medium', 'tags': {'genres': [], 'instruments': [], 'vartags': []}}"
570,Lève le pied !,280,38,13-31,13-31,Lève le pied !,90,,1,2005-03-17,https://usercontent.jamendo.com?type=album&id=90&width=300&trackid=570,https://prod-1.storage.jamendo.com/?trackid=570&format=mp32&from=YI3pVlpBWDoHwGfIC5nBUw%3D%3D%7CzwrehT2Xd9kLp%2ByHP47Yrw%3D%3D,https://prod-1.storage.jamendo.com/download/track/570/mp32/,,https://jamen.do/t/570,https://www.jamendo.com/track/570,True,False,https://usercontent.jamendo.com?type=album&id=90&width=300&trackid=570,"{'vocalinstrumental': 'vocal', 'gender': 'male', 'speed': 'medium', 'tags': {'genres': [], 'instruments': [], 'vartags': []}}"
571,En attente...,195,38,13-31,13-31,Lève le pied !,90,,2,2005-03-17,https://usercontent.jamendo.com?type=album&id=90&width=300&trackid=571,https://prod-1.storage.jamendo.com/?trackid=571&format=mp32&from=FZHe95mjjrOoveqkpRUohA%3D%3D%7CeCgjeJNz6tKAsugLTmFgaw%3D%3D,https://prod-1.storage.jamendo.com/download/track/571/mp32/,,https://jamen.do/t/571,https://www.jamendo.com/track/571,True,False,https://usercontent.jamendo.com?type=album&id=90&width=300&trackid=571,"{'vocalinstrumental': 'vocal', 'gender': 'male', 'speed': 'medium', 'tags': {'genres': [], 'instruments': [], 'vartags': []}}"
572,Conseils,219,38,13-31,13-31,Lève le pied !,90,,3,2005-03-17,https://usercontent.jamendo.com?type=album&id=90&width=300&trackid=572,https://prod-1.storage.jamendo.com/?trackid=572&format=mp32&from=eoIjM%2Ffs9ysBukSHZ0vnRw%3D%3D%7CipIOSmTFjhXUEONwZ8lGsg%3D%3D,https://prod-1.storage.jamendo.com/download/track/572/mp32/,,https://jamen.do/t/572,https://www.jamendo.com/track/572,True,False,https://usercontent.jamendo.com?type=album&id=90&width=300&trackid=572,"{'vocalinstrumental': 'vocal', 'gender': 'male', 'speed': 'medium', 'tags': {'genres': [], 'instruments': [], 'vartags': []}}"
573,Bombe ! (écoute ça fort !...),210,38,13-31,13-31,Lève le pied !,90,,4,2005-03-17,https://usercontent.jamendo.com?type=album&id=90&width=300&trackid=573,https://prod-1.storage.jamendo.com/?trackid=573&format=mp32&from=jZGzv9SQP5KbdXtqL5OeyA%3D%3D%7CIDevRtz7tyUeCRucd4DJ0g%3D%3D,https://prod-1.storage.jamendo.com/download/track/573/mp32/,,https://jamen.do/t/573,https://www.jamendo.com/track/573,True,False,https://usercontent.jamendo.com?type=album&id=90&width=300&trackid=573,"{'vocalinstrumental': 'vocal', 'gender': 'male', 'speed': 'medium', 'tags': {'genres': [], 'instruments': [], 'vartags': []}}"
574,Interview radio,154,38,13-31,13-31,Lève le pied !,90,,5,2005-03-17,https://usercontent.jamendo.com?type=album&id=90&width=300&trackid=574,https://prod-1.storage.jamendo.com/?trackid=574&format=mp32&from=%2FPkGUPrju0SxO53JFLeBVQ%3D%3D%7Cq%2B9gubSJn%2BiIWgpku8uLCw%3D%3D,https://prod-1.storage.jamendo.com/download/track/574/mp32/,,https://jamen.do/t/574,https://www.jamendo.com/track/574,True,False,https://usercontent.jamendo.com?type=album&id=90&width=300&trackid=574,"{'vocalinstrumental': 'vocal', 'gender': 'male', 'speed': 'medium', 'tags': {'genres': [], 'instruments': [], 'vartags': []}}"
609,Bully,213,59,P.O.BOX,p.o.box,Rock My Reality,96,,1,2005-03-24,https://usercontent.jamendo.com?type=album&id=96&width=300&trackid=609,https://prod-1.storage.jamendo.com/?trackid=609&format=mp32&from=m7h%2F0ZUZzTSXvekzhMz3%2Fg%3D%3D%7C2v8QJuGuXAUOeMG9FLWfzg%3D%3D,https://prod-1.storage.jamendo.com/download/track/609/mp32/,,https://jamen.do/t/609,https://www.jamendo.com/track/609,True,False,https://usercontent.jamendo.com?type=album&id=96&width=300&trackid=609,"{'vocalinstrumental': 'vocal', 'gender': 'male', 'speed': 'high', 'tags': {'genres': [], 'instruments': [], 'vartags': []}}"
610,Whatever They Said,114,59,P.O.BOX,p.o.box,Rock My Reality,96,,2,2005-03-24,https://usercontent.jamendo.com?type=album&id=96&width=300&trackid=610,https://prod-1.storage.jamendo.com/?trackid=610&format=mp32&from=Kl962ePJ4XzqCd6wGt%2FPzw%3D%3D%7C9NE1hLwuhMKRBiBZzDLXYg%3D%3D,https://prod-1.storage.jamendo.com/download/track/610/mp32/,,https://jamen.do/t/610,https://www.jamendo.com/track/610,True,False,https://usercontent.jamendo.com?type=album&id=96&width=300&trackid=610,"{'vocalinstrumental': 'vocal', 'gender': 'male', 'speed': 'medium', 'tags': {'genres': [], 'instruments': [], 'vartags': []}}"
611,Death Promises Me A Better Place,170,59,P.O.BOX,p.o.box,Rock My Reality,96,,3,2005-03-24,https://usercontent.jamendo.com?type=album&id=96&width=300&trackid=611,https://prod-1.storage.jamendo.com/?trackid=611&format=mp32&from=skgDipxgpy3s%2Fo2R9Zadng%3D%3D%7CM5RZjVkxJBwj1RKrWljlhg%3D%3D,https://prod-1.storage.jamendo.com/download/track/611/mp32/,,https://jamen.do/t/611,https://www.jamendo.com/track/611,True,False,https://usercontent.jamendo.com?type=album&id=96&width=300&trackid=611,"{'vocalinstrumental': 'vocal', 'gender': 'male', 'speed': 'medium', 'tags': {'genres': [], 'instruments': [], 'vartags': []}}"
612,As Time Flies By...,161,59,P.O.BOX,p.o.box,Rock My Reality,96,,4,2005-03-24,https://usercontent.jamendo.com?type=album&id=96&width=300&trackid=612,https://prod-1.storage.jamendo.com/?trackid=612&format=mp32&from=HSmXc8l5O5wNow08mPXDgA%3D%3D%7CGKfd9hZu7UFACQH9DdsNWg%3D%3D,https://prod-1.storage.jamendo.com/download/track/612/mp32/,,https://jamen.do/t/612,https://www.jamendo.com/track/612,True,False,https://usercontent.jamendo.com?type=album&id=96&width=300&trackid=612,"{'vocalinstrumental': 'instrumental', 'speed': 'medium', 'tags': {'genres': [], 'instruments': [], 'vartags': []}}"
613,Diving,123,59,P.O.BOX,p.o.box,Rock My Reality,96,,5,2005-03-24,https://usercontent.jamendo.com?type=album&id=96&width=300&trackid=613,https://prod-1.storage.jamendo.com/?trackid=613&format=mp32&from=tSCDQwXBUjVaJqumJUF63Q%3D%3D%7CoYJ0L29GyHW2CeDolSOp6w%3D%3D,https://prod-1.storage.jamendo.com/download/track/613/mp32/,,https://jamen.do/t/613,https://www.jamendo.com/track/613,True,False,https://usercontent.jamendo.com?type=album&id=96&width=300&trackid=613,"{'vocalinstrumental': 'vocal', 'gender': 'male', 'speed': 'medium', 'tags': {'genres': [], 'instruments': [], 'vartags': []}}"
614,Broken Hearts & Credit Cards,134,59,P.O.BOX,p.o.box,Rock My Reality,96,,6,2005-03-24,https://usercontent.jamendo.com?type=album&id=96&width=300&trackid=614,https://prod-1.storage.jamendo.com/?trackid=614&format=mp32&from=mbsWzgOVkTxeLICbroXH9A%3D%3D%7C%2FhAJHOKbylPcrdbO9q6u3w%3D%3D,https://prod-1.storage.jamendo.com/download/track/614/mp32/,,https://jamen.do/t/614,https://www.jamendo.com/track/614,True,False,https://usercontent.jamendo.com?type=album&id=96&width=300&trackid=614,"{'vocalinstrumental': 'vocal', 'gender': 'male', 'speed': 'medium', 'tags': {'genres': [], 'instruments': [], 'vartags': []}}"
615,Strike Back,189,59,P.O.BOX,p.o.box,Rock My Reality,96,,7,2005-03-24,https://usercontent.jamendo.com?type=album&id=96&width=300&trackid=615,https://prod-1.storage.jamendo.com/?trackid=615&format=mp32&from=UV3GbJGJrlPF238k8eJaXg%3D%3D%7CCxdlrPmg8uKpskkAoOA0NQ%3D%3D,https://prod-1.storage.jamendo.com/download/track/615/mp32/,,https://jamen.do/t/615,https://www.jamendo.com/track/615,True,False,https://usercontent.jamendo.com?type=album&id=96&width=300&trackid=615,"{'vocalinstrumental': 'vocal', 'gender': 'male', 'speed': 'high', 'tags': {'genres': [], 'instruments': [], 'vartags': []}}"
616,Immensité,279,45,Kristof,kristof,Kristof,102,,1,2005-04-07,https://usercontent.jamendo.com?type=album&id=102&width=300&trackid=616,https://prod-1.storage.jamendo.com/?trackid=616&format=mp32&from=n%2BE7RNmMorEFsl74SSzcSQ%3D%3D%7C5WF4rEF8dXUVlxoDRpkGkg%3D%3D,https://prod-1.storage.jamendo.com/download/track/616/mp32/,,https://jamen.do/t/616,https://www.jamendo.com/track/616,True,False,https://usercontent.jamendo.com?type=album&id=102&width=300&trackid=616,"{'vocalinstrumental': 'vocal', 'gender': 'male', 'speed': 'medium', 'tags': {'genres': [], 'instruments': [], 'vartags': []}}"
617,Gourou,197,45,Kristof,kristof,Kristof,102,,2,2005-04-07,https://usercontent.jamendo.com?type=album&id=102&width=300&trackid=617,https://prod-1.storage.jamendo.com/?trackid=617&format=mp32&from=0H7Bm5NqGwlG9rN1NBE7Vg%3D%3D%7CAxOdKbM%2BE3C8dom4gBZSwA%3D%3D,https://prod-1.storage.jamendo.com/download/track/617/mp32/,,https://jamen.do/t/617,https://www.jamendo.com/track/617,True,False,https://usercontent.jamendo.com?type=album&id=102&width=300&trackid=617,"{'vocalinstrumental': 'vocal', 'gender': 'male', 'speed': 'medium', 'tags': {'genres': [], 'instruments': [], 'vartags': []}}"
618,Héroïne,187,45,Kristof,kristof,Kristof,102,,3,2005-04-07,https://usercontent.jamendo.com?type=album&id=102&width=300&trackid=618,https://prod-1.storage.jamendo.com/?trackid=618&format=mp32&from=mDnVtbsUCKNWAc5ZMrmorg%3D%3D%7CrvVLNplmk1Gg5wn0Bp109w%3D%3D,https://prod-1.storage.jamendo.com/download/track/618/mp32/,,https://jamen.do/t/618,https://www.jamendo.com/track/618,True,False,https://usercontent.jamendo.com?type=album&id=102&width=300&trackid=618,"{'vocalinstrumental': 'vocal', 'gender': 'male', 'speed': 'medium', 'tags': {'genres': [], 'instruments': [], 'vartags': []}}"
619,Nuit enchantée,267,45,Kristof,kristof,Kristof,102,,4,2005-04-07,https://usercontent.jamendo.com?type=album&id=102&width=300&trackid=619,https://prod-1.storage.jamendo.com/?trackid=619&format=mp32&from=KyCTOwG9u5XhQWSs3jDx7w%3D%3D%7CX2Osc08wBPwhBnAZpCBSKQ%3D%3D,https://prod-1.storage.jamendo.com/download/track/619/mp32/,,https://jamen.do/t/619,https://www.jamendo.com/track/619,True,False,https://usercontent.jamendo.com?type=album&id=102&width=300&trackid=619,"{'vocalinstrumental': 'vocal', 'speed': 'medium', 'tags': {'genres': [], 'instruments': [], 'vartags': []}}"
659,Un pas de trop,250,79,L'Autre Côté,l.autre.c.t,Reflets,112,,1,2005-04-05,https://usercontent.jamendo.com?type=album&id=112&width=300&trackid=659,https://prod-1.storage.jamendo.com/?trackid=659&format=mp32&from=jOTi2DtNGB%2FHD%2Bovn0y5Pw%3D%3D%7CSvRN8SqD4gpDeBmkJDrb2Q%3D%3D,https://prod-1.storage.jamendo.com/download/track/659/mp32/,,https://jamen.do/t/659,https://www.jamendo.com/track/659,True,False,https://usercontent.jamendo.com?type=album&id=112&width=300&trackid=659,"{'vocalinstrumental': 'vocal', 'gender': 'male', 'speed': 'medium', 'tags': {'genres': [], 'instruments': [], 'vartags': []}}"
660,Solitude,423,79,L'Autre Côté,l.autre.c.t,Reflets,112,,2,2005-04-05,https://usercontent.jamendo.com?type=album&id=112&width=300&trackid=660,https://prod-1.storage.jamendo.com/?trackid=660&format=mp32&from=kTMWaf7M5YSwvdKtqPCzlw%3D%3D%7Cq2zlmKxqFyNGsGA54zvSQA%3D%3D,https://prod-1.storage.jamendo.com/download/track/660/mp32/,,https://jamen.do/t/660,https://www.jamendo.com/track/660,True,False,https://usercontent.jamendo.com?type=album&id=112&width=300&trackid=660,"{'vocalinstrumental': 'vocal', 'gender': 'male', 'speed': 'medium', 'tags': {'genres': [], 'instruments': [], 'vartags': []}}"
661,Incertain,411,79,L'Autre Côté,l.autre.c.t,Reflets,112,,3,2005-04-05,https://usercontent.jamendo.com?type=album&id=112&width=300&trackid=661,https://prod-1.storage.jamendo.com/?trackid=661&format=mp32&from=q7TJUBTyPEejB2Q5cAWw2g%3D%3D%7CFPC3Z1ZHfnGqmlXCBfCGZg%3D%3D,https://prod-1.storage.jamendo.com/download/track/661/mp32/,,https://jamen.do/t/661,https://www.jamendo.com/track/661,True,False,https://usercontent.jamendo.com?type=album&id=112&width=300&trackid=661,"{'vocalinstrumental': 'vocal', 'gender': 'male', 'speed': 'medium', 'tags': {'genres': [], 'instruments': [], 'vartags': []}}"
662,Un peu trop loin,342,79,L'Autre Côté,l.autre.c.t,Reflets,112,,4,2005-04-05,https://usercontent.jamendo.com?type=album&id=112&width=300&trackid=662,https://prod-1.storage.jamendo.com/?trackid=662&format=mp32&from=67AFIzBUxWRrUPmDYC0w1Q%3D%3D%7CmXI6RwFQX%2Be%2FYObXfI10vg%3D%3D,https://prod-1.storage.jamendo.com/download/track/662/mp32/,,https://jamen.do/t/662,https://www.jamendo.com/track/662,True,False,https://usercontent.jamendo.com?type=album&id=112&width=300&trackid=662,"{'vocalinstrumental': 'vocal', 'gender': 'male', 'speed': 'medium', 'tags': {'genres': [], 'instruments': [], 'vartags': []}}"
663,Au nom de quoi,399,79,L'Autre Côté,l.autre.c.t,Reflets,112,,5,2005-04-05,https://usercontent.jamendo.com?type=album&id=112&width=300&trackid=663,https://prod-1.storage.jamendo.com/?trackid=663&format=mp32&from=62f4ScVNflhyUi9xjqaa8A%3D%3D%7CnC5tU0UzDeLeM94nrj6J8w%3D%3D,https://prod-1.storage.jamendo.com/download/track/663/mp32/,,https://jamen.do/t/663,https://www.jamendo.com/track/663,True,False,https://usercontent.jamendo.com?type=album&id=112&width=300&trackid=663,"{'vocalinstrumental': 'instrumental', 'speed': 'medium', 'tags': {'genres': [], 'instruments': [], 'vartags': []}}"
664,Dis-moi ton nom,434,79,L'Autre Côté,l.autre.c.t,Reflets,112,,6,2005-04-05,https://usercontent.jamendo.com?type=album&id=112&width=300&trackid=664,https://prod-1.storage.jamendo.com/?trackid=664&format=mp32&from=Gaxi6pRDFhJrN1gtfCwYjA%3D%3D%7CKOpBt0SQU3yT32RqdO8WMA%3D%3D,https://prod-1.storage.jamendo.com/download/track/664/mp32/,,https://jamen.do/t/664,https://www.jamendo.com/track/664,True,False,https://usercontent.jamendo.com?type=album&id=112&width=300&trackid=664,"{'vocalinstrumental': 'instrumental', 'speed': 'medium', 'tags': {'genres': [], 'instruments': [], 'vartags': []}}"
665,La Marchande de foie,47,57,Le P'tit Jean,julien.petitjean,12 Petits Chants,113,,1,2005-04-05,https://usercontent.jamendo.com?type=album&id=113&width=300&trackid=665,https://prod-1.storage.jamendo.com/?trackid=665&format=mp32&from=0ep9Bc4Cij0KzC3Saz%2BKhg%3D%3D%7CuH0NsVf7ur0DfEWlbQ%2F%2B7A%3D%3D,https://prod-1.storage.jamendo.com/download/track/665/mp32/,,https://jamen.do/t/665,https://www.jamendo.com/track/665,True,False,https://usercontent.jamendo.com?type=album&id=113&width=300&trackid=665,"{'vocalinstrumental': 'instrumental', 'speed': 'medium', 'tags': {'genres': ['pop'], 'instruments': [], 'vartags': []}}"
666,Chanson hebdomadaire,191,57,Le P'tit Jean,julien.petitjean,12 Petits Chants,113,,2,2005-04-05,https://usercontent.jamendo.com?type=album&id=113&width=300&trackid=666,https://prod-1.storage.jamendo.com/?trackid=666&format=mp32&from=aNyUbiDSL4WwBuJDkK%2FrMg%3D%3D%7CBXORLf8pzUzhYwDrWywJVA%3D%3D,https://prod-1.storage.jamendo.com/download/track/666/mp32/,,https://jamen.do/t/666,https://www.jamendo.com/track/666,True,False,https://usercontent.jamendo.com?type=album&id=113&width=300&trackid=666,"{'vocalinstrumental': 'vocal', 'gender': 'male', 'speed': 'medium', 'tags': {'genres': ['pop'], 'instruments': [], 'vartags': []}}"
667,La pauvre enfant,256,57,Le P'tit Jean,julien.petitjean,12 Petits Chants,113,,3,2005-04-05,https://usercontent.jamendo.com?type=album&id=113&width=300&trackid=667,https://prod-1.storage.jamendo.com/?trackid=667&format=mp32&from=MvAXhsa3qDTeBA0KAgVOVQ%3D%3D%7CQ4NS7T1O4XRKzkdSAyrRzw%3D%3D,https://prod-1.storage.jamendo.com/download/track/667/mp32/,,https://jamen.do/t/667,https://www.jamendo.com/track/667,True,False,https://usercontent.jamendo.com?type=album&id=113&width=300&trackid=667,"{'vocalinstrumental': 'vocal', 'gender': 'male', 'speed': 'medium', 'tags': {'genres': ['pop'], 'instruments': [], 'vartags': []}}"
668,Des vacances comme ça...,272,57,Le P'tit Jean,julien.petitjean,12 Petits Chants,113,,4,2005-04-05,https://usercontent.jamendo.com?type=album&id=113&width=300&trackid=668,https://prod-1.storage.jamendo.com/?trackid=668&format=mp32&from=vLWiRNXhusmHPQjB4eFihQ%3D%3D%7Cwg09W1OYLQqkJMuHhf7QYQ%3D%3D,https://prod-1.storage.jamendo.com/download/track/668/mp32/,,https://jamen.do/t/668,https://www.jamendo.com/track/668,True,False,https://usercontent.jamendo.com?type=album&id=113&width=300&trackid=668,"{'vocalinstrumental': 'vocal', 'gender': 'male', 'speed': 'medium', 'tags': {'genres': ['pop'], 'instruments': [], 'vartags': []}}"
669,4 Saisons,272,57,Le P'tit Jean,julien.petitjean,12 Petits Chants,113,,5,2005-04-05,https://usercontent.jamendo.com?type=album&id=113&width=300&trackid=669,https://prod-1.storage.jamendo.com/?trackid=669&format=mp32&from=l3a84sDoHjdOFmQVv9YVDA%3D%3D%7Ct5pkxMIQQUFFow5ekpvwDQ%3D%3D,https://prod-1.storage.jamendo.com/download/track/669/mp32/,,https://jamen.do/t/669,https://www.jamendo.com/track/669,True,False,https://usercontent.jamendo.com?type=album&id=113&width=300&trackid=669,"{'vocalinstrumental': 'vocal', 'gender': 'male', 'speed': 'medium', 'tags': {'genres': ['pop'], 'instruments': [], 'vartags': []}}"
670,Chanson porno,267,57,Le P'tit Jean,julien.petitjean,12 Petits Chants,113,,6,2005-04-05,https://usercontent.jamendo.com?type=album&id=113&width=300&trackid=670,https://prod-1.storage.jamendo.com/?trackid=670&format=mp32&from=6pOwpus5hP0VpsJh5pZlIQ%3D%3D%7C8Y8xdTiY4XVxmscP4D%2B7nQ%3D%3D,https://prod-1.storage.jamendo.com/download/track/670/mp32/,,https://jamen.do/t/670,https://www.jamendo.com/track/670,True,False,https://usercontent.jamendo.com?type=album&id=113&width=300&trackid=670,"{'vocalinstrumental': 'vocal', 'gender': 'male', 'speed': 'medium', 'tags': {'genres': ['pop'], 'instruments': [], 'vartags': []}}"
671,La galette des rois,212,57,Le P'tit Jean,julien.petitjean,12 Petits Chants,113,,7,2005-04-05,https://usercontent.jamendo.com?type=album&id=113&width=300&trackid=671,https://prod-1.storage.jamendo.com/?trackid=671&format=mp32&from=dNKKCxKRiLYRb97OAWAe%2BA%3D%3D%7CJFqTnTCfW4v5%2B2hsUrPi9A%3D%3D,https://prod-1.storage.jamendo.com/download/track/671/mp32/,,https://jamen.do/t/671,https://www.jamendo.com/track/671,True,False,https://usercontent.jamendo.com?type=album&id=113&width=300&trackid=671,"{'vocalinstrumental': 'vocal', 'gender': 'male', 'speed': 'medium', 'tags': {'genres': ['pop'], 'instruments': [], 'vartags': []}}"
672,Chacun son truc,222,57,Le P'tit Jean,julien.petitjean,12 Petits Chants,113,,8,2005-04-05,https://usercontent.jamendo.com?type=album&id=113&width=300&trackid=672,https://prod-1.storage.jamendo.com/?trackid=672&format=mp32&from=kG0nQtORn7CHweTE%2Bg6k3A%3D%3D%7CMU6aiKr4JznFoYn2syvg%2Fw%3D%3D,https://prod-1.storage.jamendo.com/download/track/672/mp32/,,https://jamen.do/t/672,https://www.jamendo.com/track/672,True,False,https://usercontent.jamendo.com?type=album&id=113&width=300&trackid=672,"{'vocalinstrumental': 'vocal', 'gender': 'male', 'speed': 'medium', 'tags': {'genres': ['pop'], 'instruments': [], 'vartags': []}}"
673,Le silence,138,57,Le P'tit Jean,julien.petitjean,12 Petits Chants,113,,9,2005-04-05,https://usercontent.jamendo.com?type=album&id=113&width=300&trackid=673,https://prod-1.storage.jamendo.com/?trackid=673&format=mp32&from=o06%2F0Qdd6Yh7oogvMDjpPQ%3D%3D%7CQ40LMTWKfkGh8Md3KhHsNg%3D%3D,https://prod-1.storage.jamendo.com/download/track/673/mp32/,,https://jamen.do/t/673,https://www.jamendo.com/track/673,True,False,https://usercontent.jamendo.com?type=album&id=113&width=300&trackid=673,"{'vocalinstrumental': 'vocal', 'gender': 'male', 'speed': 'medium', 'tags': {'genres': ['pop'], 'instruments': [], 'vartags': []}}"
674,Paris,212,57,Le P'tit Jean,julien.petitjean,12 Petits Chants,113,,10,2005-04-05,https://usercontent.jamendo.com?type=album&id=113&width=300&trackid=674,https://prod-1.storage.jamendo.com/?trackid=674&format=mp32&from=odgqYhzWk3kel0qNsYFIlg%3D%3D%7Cap5dOrVjRxOP3byXFF88%2FA%3D%3D,https://prod-1.storage.jamendo.com/download/track/674/mp32/,,https://jamen.do/t/674,https://www.jamendo.com/track/674,True,False,https://usercontent.jamendo.com?type=album&id=113&width=300&trackid=674,"{'vocalinstrumental': 'vocal', 'gender': 'male', 'speed': 'medium', 'tags': {'genres': ['pop'], 'instruments': [], 'vartags': []}}"
675,Les conciliabules,484,57,Le P'tit Jean,julien.petitjean,12 Petits Chants,113,,11,2005-04-05,https://usercontent.jamendo.com?type=album&id=113&width=300&trackid=675,https://prod-1.storage.jamendo.com/?trackid=675&format=mp32&from=Phbc8V706BB%2BfSAGucMW2g%3D%3D%7C4IVPqo5NJANR1%2FAhiCeIdA%3D%3D,https://prod-1.storage.jamendo.com/download/track/675/mp32/,,https://jamen.do/t/675,https://www.jamendo.com/track/675,True,False,https://usercontent.jamendo.com?type=album&id=113&width=300&trackid=675,"{'vocalinstrumental': 'instrumental', 'speed': 'medium', 'tags': {'genres': ['pop'], 'instruments': [], 'vartags': []}}"
676,Joli mois de mai,74,57,Le P'tit Jean,julien.petitjean,12 Petits Chants,113,,12,2005-04-05,https://usercontent.jamendo.com?type=album&id=113&width=300&trackid=676,https://prod-1.storage.jamendo.com/?trackid=676&format=mp32&from=Pfs0FK3Rz%2BRNNEJO9tJ4Bw%3D%3D%7CZgiFxeLm0s8%2F2FamEIDdpQ%3D%3D,https://prod-1.storage.jamendo.com/download/track/676/mp32/,,https://jamen.do/t/676,https://www.jamendo.com/track/676,True,False,https://usercontent.jamendo.com?type=album&id=113&width=300&trackid=676,"{'vocalinstrumental': 'instrumental', 'speed': 'medium', 'tags': {'genres': ['pop', 'folk'], 'instruments': [], 'vartags': []}}"
698,Artiste,286,91,Lonah,lonah,Pièces,116,,1,2005-04-09,https://usercontent.jamendo.com?type=album&id=116&width=300&trackid=698,https://prod-1.storage.jamendo.com/?trackid=698&format=mp32&from=QPo2%2BfSJZbRcjwFKrj6MwQ%3D%3D%7CJZIY9gzv5pciCRPCQtvZZw%3D%3D,https://prod-1.storage.jamendo.com/download/track/698/mp32/,,https://jamen.do/t/698,https://www.jamendo.com/track/698,True,False,https://usercontent.jamendo.com?type=album&id=116&width=300&trackid=698,"{'vocalinstrumental': 'instrumental', 'speed': 'medium', 'tags': {'genres': [], 'instruments': [], 'vartags': []}}"
699,Catin d'harmonie,311,91,Lonah,lonah,Pièces,116,,2,2005-04-09,https://usercontent.jamendo.com?type=album&id=116&width=300&trackid=699,https://prod-1.storage.jamendo.com/?trackid=699&format=mp32&from=cYSy9All27AY6xrN%2FLcKlQ%3D%3D%7CMbrt%2FyHMp0f9E2DJLWKDKw%3D%3D,https://prod-1.storage.jamendo.com/download/track/699/mp32/,,https://jamen.do/t/699,https://www.jamendo.com/track/699,True,False,https://usercontent.jamendo.com?type=album&id=116&width=300&trackid=699,"{'vocalinstrumental': 'vocal', 'gender': 'female', 'speed': 'medium', 'tags': {'genres': [], 'instruments': [], 'vartags': []}}"
700,Paris la mort,237,91,Lonah,lonah,Pièces,116,,3,2005-04-09,https://usercontent.jamendo.com?type=album&id=116&width=300&trackid=700,https://prod-1.storage.jamendo.com/?trackid=700&format=mp32&from=zCIL8jqVapwnt4qh0J2Nmg%3D%3D%7CTqLyrHI9ilkybO0dLGzaeA%3D%3D,https://prod-1.storage.jamendo.com/download/track/700/mp32/,,https://jamen.do/t/700,https://www.jamendo.com/track/700,True,False,https://usercontent.jamendo.com?type=album&id=116&width=300&trackid=700,"{'vocalinstrumental': 'vocal', 'gender': 'female', 'speed': 'medium', 'tags': {'genres': [], 'instruments': [], 'vartags': []}}"
701,Crepuscule intro,70,91,Lonah,lonah,Pièces,116,,4,2005-04-09,https://usercontent.jamendo.com?type=album&id=116&width=300&trackid=701,https://prod-1.storage.jamendo.com/?trackid=701&format=mp32&from=niuoFAu4KH4YWA8cBCppeQ%3D%3D%7Ckbws%2F34pNEzFOfRZG9l9tQ%3D%3D,https://prod-1.storage.jamendo.com/download/track/701/mp32/,,https://jamen.do/t/701,https://www.jamendo.com/track/701,True,False,https://usercontent.jamendo.com?type=album&id=116&width=300&trackid=701,"{'vocalinstrumental': 'instrumental', 'speed': 'medium', 'tags': {'genres': [], 'instruments': [], 'vartags': []}}"
702,Crepuscule,260,91,Lonah,lonah,Pièces,116,,5,2005-04-09,https://usercontent.jamendo.com?type=album&id=116&width=300&trackid=702,https://prod-1.storage.jamendo.com/?trackid=702&format=mp32&from=zyh717smrcJW95GUUvbYuA%3D%3D%7CBmf9HK8KEn0Bj0ZVMTGoUA%3D%3D,https://prod-1.storage.jamendo.com/download/track/702/mp32/,,https://jamen.do/t/702,https://www.jamendo.com/track/702,True,False,https://usercontent.jamendo.com?type=album&id=116&width=300&trackid=702,"{'vocalinstrumental': 'vocal', 'gender': 'male', 'speed': 'medium', 'tags': {'genres': [], 'instruments': [], 'vartags': []}}"
703,Les amants de cristal,354,91,Lonah,lonah,Pièces,116,,6,2005-04-09,https://usercontent.jamendo.com?type=album&id=116&width=300&trackid=703,https://prod-1.storage.jamendo.com/?trackid=703&format=mp32&from=Jd22Uwqr6A0sGa3Q3rFUcA%3D%3D%7CGeTqhwQoR5bBZdq5zGf9Fg%3D%3D,https://prod-1.storage.jamendo.com/download/track/703/mp32/,,https://jamen.do/t/703,https://www.jamendo.com/track/703,True,False,https://usercontent.jamendo.com?type=album&id=116&width=300&trackid=703,"{'vocalinstrumental': 'vocal', 'gender': 'female', 'speed': 'medium', 'tags': {'genres': [], 'instruments': [], 'vartags': []}}"
704,Les effacés,245,91,Lonah,lonah,Pièces,116,,7,2005-04-09,https://usercontent.jamendo.com?type=album&id=116&width=300&trackid=704,https://prod-1.storage.jamendo.com/?trackid=704&format=mp32&from=ytdPT0cprbJtsUbWrbHjNA%3D%3D%7CsL6XhKX%2FA7eXbML6lb4qTw%3D%3D,https://prod-1.storage.jamendo.com/download/track/704/mp32/,,https://jamen.do/t/704,https://www.jamendo.com/track/704,True,False,https://usercontent.jamendo.com?type=album&id=116&width=300&trackid=704,"{'vocalinstrumental': 'instrumental', 'speed': 'medium', 'tags': {'genres': [], 'instruments': [], 'vartags': []}}"
705,Fractale,227,91,Lonah,lonah,Pièces,116,,8,2005-04-09,https://usercontent.jamendo.com?type=album&id=116&width=300&trackid=705,https://prod-1.storage.jamendo.com/?trackid=705&format=mp32&from=LuiEecwpTQF07nKj8pazTw%3D%3D%7CFa7ZP%2BlFgQKLBVUuRiEhdQ%3D%3D,https://prod-1.storage.jamendo.com/download/track/705/mp32/,,https://jamen.do/t/705,https://www.jamendo.com/track/705,True,False,https://usercontent.jamendo.com?type=album&id=116&width=300&trackid=705,"{'vocalinstrumental': 'vocal', 'gender': 'female', 'speed': 'medium', 'tags': {'genres': [], 'instruments': [], 'vartags': []}}"
706,Keep walking,213,91,Lonah,lonah,Pièces,116,,9,2005-04-09,https://usercontent.jamendo.com?type=album&id=116&width=300&trackid=706,https://prod-1.storage.jamendo.com/?trackid=706&format=mp32&from=GcdFxnf%2Fs2AUcRK7z4qoNQ%3D%3D%7CanltjpyONqXGJ99EMt9JAg%3D%3D,https://prod-1.storage.jamendo.com/download/track/706/mp32/,,https://jamen.do/t/706,https://www.jamendo.com/track/706,True,False,https://usercontent.jamendo.com?type=album&id=116&width=300&trackid=706,"{'vocalinstrumental': 'vocal', 'gender': 'female', 'speed': 'medium', 'tags': {'genres': [], 'instruments': [], 'vartags': []}}"
707,Smoking,246,91,Lonah,lonah,Pièces,116,,10,2005-04-09,https://usercontent.jamendo.com?type=album&id=116&width=300&trackid=707,https://prod-1.storage.jamendo.com/?trackid=707&format=mp32&from=cojzjJ42C5asdCQ6LlyoSA%3D%3D%7C9gC6SxaKA9EtbAoKWhJqHA%3D%3D,https://prod-1.storage.jamendo.com/download/track/707/mp32/,,https://jamen.do/t/707,https://www.jamendo.com/track/707,True,False,https://usercontent.jamendo.com?type=album&id=116&width=300&trackid=707,"{'vocalinstrumental': 'instrumental', 'speed': 'medium', 'tags': {'genres': [], 'instruments': [], 'vartags': []}}"
708,Ombre,347,91,Lonah,lonah,Pièces,116,,11,2005-04-09,https://usercontent.jamendo.com?type=album&id=116&width=300&trackid=708,https://prod-1.storage.jamendo.com/?trackid=708&format=mp32&from=%2F04WfFNczEQZuWyesPbewg%3D%3D%7CihVEKkabrLVAqtzeBFZI6g%3D%3D,https://prod-1.storage.jamendo.com/download/track/708/mp32/,,https://jamen.do/t/708,https://www.jamendo.com/track/708,True,False,https://usercontent.jamendo.com?type=album&id=116&width=300&trackid=708,"{'vocalinstrumental': 'vocal', 'gender': 'female', 'speed': 'medium', 'tags': {'genres': [], 'instruments': [], 'vartags': []}}"
709,Visage d'ébène,304,91,Lonah,lonah,Pièces,116,,12,2005-04-09,https://usercontent.jamendo.com?type=album&id=116&width=300&trackid=709,https://prod-1.storage.jamendo.com/?trackid=709&format=mp32&from=ZiJClTNvkdWNtwRtMO9RzA%3D%3D%7C3ZhnUS1K6C6Lj1bzIrXTxQ%3D%3D,https://prod-1.storage.jamendo.com/download/track/709/mp32/,,https://jamen.do/t/709,https://www.jamendo.com/track/709,True,False,https://usercontent.jamendo.com?type=album&id=116&width=300&trackid=709,"{'vocalinstrumental': 'instrumental', 'speed': 'medium', 'tags': {'genres': [], 'instruments': [], 'vartags': []}}"
718,L'ami,248,94,Andy Pierron,andy.pierron,Putain de vie,118,,1,2005-04-10,https://usercontent.jamendo.com?type=album&id=118&width=300&trackid=718,https://prod-1.storage.jamendo.com/?trackid=718&format=mp32&from=9xTJZyx5wYxpxkHTkpBirA%3D%3D%7CmDUiAzv9uR1ZVcPe4TuJ8A%3D%3D,https://prod-1.storage.jamendo.com/download/track/718/mp32/,,https://jamen.do/t/718,https://www.jamendo.com/track/718,True,False,https://usercontent.jamendo.com?type=album&id=118&width=300&trackid=718,"{'vocalinstrumental': 'vocal', 'gender': 'male', 'speed': 'medium', 'tags': {'genres': [], 'instruments': [], 'vartags': []}}"
719,C'est pas le destin,255,94,Andy Pierron,andy.pierron,Putain de vie,118,,2,2005-04-10,https://usercontent.jamendo.com?type=album&id=118&width=300&trackid=719,https://prod-1.storage.jamendo.com/?trackid=719&format=mp32&from=3WD76AvQsuWPF3WWBDEs4A%3D%3D%7CnBjP3WfZgoxE9YH6Ta%2BnFg%3D%3D,https://prod-1.storage.jamendo.com/download/track/719/mp32/,,https://jamen.do/t/719,https://www.jamendo.com/track/719,True,False,https://usercontent.jamendo.com?type=album&id=118&width=300&trackid=719,"{'vocalinstrumental': 'vocal', 'gender': 'male', 'speed': 'medium', 'tags': {'genres': [], 'instruments': [], 'vartags': []}}"
720,L'adolescent,208,94,Andy Pierron,andy.pierron,Putain de vie,118,,3,2005-04-10,https://usercontent.jamendo.com?type=album&id=118&width=300&trackid=720,https://prod-1.storage.jamendo.com/?trackid=720&format=mp32&from=AtnN208uRkxLTvX2CLcDNw%3D%3D%7Cry5KGr%2ByvsKrdR3XVh%2Fugg%3D%3D,https://prod-1.storage.jamendo.com/download/track/720/mp32/,,https://jamen.do/t/720,https://www.jamendo.com/track/720,True,False,https://usercontent.jamendo.com?type=album&id=118&width=300&trackid=720,"{'vocalinstrumental': 'vocal', 'gender': 'male', 'speed': 'high', 'tags': {'genres': [], 'instruments': [], 'vartags': []}}"
721,Voleuse de baisers,305,94,Andy Pierron,andy.pierron,Putain de vie,118,,4,2005-04-10,https://usercontent.jamendo.com?type=album&id=118&width=300&trackid=721,https://prod-1.storage.jamendo.com/?trackid=721&format=mp32&from=VrZhQQJBrewGvBdzY6%2B4zQ%3D%3D%7CQc6wFtcRAF1D7jHd0D1sGA%3D%3D,https://prod-1.storage.jamendo.com/download/track/721/mp32/,,https://jamen.do/t/721,https://www.jamendo.com/track/721,True,False,https://usercontent.jamendo.com?type=album&id=118&width=300&trackid=721,"{'vocalinstrumental': 'vocal', 'gender': 'male', 'speed': 'medium', 'tags': {'genres': [], 'instruments': [], 'vartags': []}}"
722,L'argent,273,94,Andy Pierron,andy.pierron,Putain de vie,118,,5,2005-04-10,https://usercontent.jamendo.com?type=album&id=118&width=300&trackid=722,https://prod-1.storage.jamendo.com/?trackid=722&format=mp32&from=RHCGJdWfSTjRlT1MYkaWjw%3D%3D%7CucPB99z9%2BcCAS6S9OpipPg%3D%3D,https://prod-1.storage.jamendo.com/download/track/722/mp32/,,https://jamen.do/t/722,https://www.jamendo.com/track/722,True,False,https://usercontent.jamendo.com?type=album&id=118&width=300&trackid=722,"{'vocalinstrumental': 'vocal', 'gender': 'male', 'speed': 'medium', 'tags': {'genres': [], 'instruments': [], 'vartags': []}}"
723,Putain de vie,318,94,Andy Pierron,andy.pierron,Putain de vie,118,,6,2005-04-10,https://usercontent.jamendo.com?type=album&id=118&width=300&trackid=723,https://prod-1.storage.jamendo.com/?trackid=723&format=mp32&from=CSGF580nLWTRMpR69eV0HQ%3D%3D%7CJbBqa0PYtAAeDCvta0UM%2Bw%3D%3D,https://prod-1.storage.jamendo.com/download/track/723/mp32/,,https://jamen.do/t/723,https://www.jamendo.com/track/723,True,False,https://usercontent.jamendo.com?type=album&id=118&width=300&trackid=723,"{'vocalinstrumental': 'instrumental', 'speed': 'medium', 'tags': {'genres': [], 'instruments': [], 'vartags': []}}"
724,Sur ma coque,221,94,Andy Pierron,andy.pierron,Putain de vie,118,,7,2005-04-10,https://usercontent.jamendo.com?type=album&id=118&width=300&trackid=724,https://prod-1.storage.jamendo.com/?trackid=724&format=mp32&from=E%2FFHwDcA3ZKoSKH1dzMTLw%3D%3D%7C5CVz7TxvnKJlKJaSBch4HQ%3D%3D,https://prod-1.storage.jamendo.com/download/track/724/mp32/,,https://jamen.do/t/724,https://www.jamendo.com/track/724,True,False,https://usercontent.jamendo.com?type=album&id=118&width=300&trackid=724,"{'vocalinstrumental': 'vocal', 'gender': 'male', 'speed': 'medium', 'tags': {'genres': [], 'instruments': [], 'vartags': []}}"
725,Rêve à rebours,255,94,Andy Pierron,andy.pierron,Putain de vie,118,,8,2005-04-10,https://usercontent.jamendo.com?type=album&id=118&width=300&trackid=725,https://prod-1.storage.jamendo.com/?trackid=725&format=mp32&from=i4JKEN%2FuwQ2KIJmS7sT7qQ%3D%3D%7Cwjf%2FrV8PJjQQqITp2nI%2BiQ%3D%3D,https://prod-1.storage.jamendo.com/download/track/725/mp32/,,https://jamen.do/t/725,https://www.jamendo.com/track/725,True,False,https://usercontent.jamendo.com?type=album&id=118&width=300&trackid=725,"{'vocalinstrumental': 'vocal', 'gender': 'male', 'speed': 'medium', 'tags': {'genres': [], 'instruments': [], 'vartags': []}}"
726,Voisine,300,94,Andy Pierron,andy.pierron,Putain de vie,118,,9,2005-04-10,https://usercontent.jamendo.com?type=album&id=118&width=300&trackid=726,https://prod-1.storage.jamendo.com/?trackid=726&format=mp32&from=6BLGcSOKslwEka%2FK0f%2FPzw%3D%3D%7CknQHmUtpjGZdroBuLCZMmg%3D%3D,https://prod-1.storage.jamendo.com/download/track/726/mp32/,,https://jamen.do/t/726,https://www.jamendo.com/track/726,True,False,https://usercontent.jamendo.com?type=album&id=118&width=300&trackid=726,"{'vocalinstrumental': 'vocal', 'gender': 'male', 'speed': 'medium', 'tags': {'genres': [], 'instruments': [], 'vartags': []}}"
727,Forest's creature,167,92,Haeresis,haeresis,Opera I,119,,1,2005-04-12,https://usercontent.jamendo.com?type=album&id=119&width=300&trackid=727,https://prod-1.storage.jamendo.com/?trackid=727&format=mp32&from=2D4yRHkGczGSLydUgtC4zQ%3D%3D%7Co9i7%2BV17f9j4NkepsqsV8A%3D%3D,https://prod-1.storage.jamendo.com/download/track/727/mp32/,,https://jamen.do/t/727,https://www.jamendo.com/track/727,True,False,https://usercontent.jamendo.com?type=album&id=119&width=300&trackid=727,"{'vocalinstrumental': 'instrumental', 'speed': 'medium', 'tags': {'genres': [], 'instruments': [], 'vartags': []}}"
728,Little clearing,108,92,Haeresis,haeresis,Opera I,119,,2,2005-04-12,https://usercontent.jamendo.com?type=album&id=119&width=300&trackid=728,https://prod-1.storage.jamendo.com/?trackid=728&format=mp32&from=saZY4zyanmuR%2B82Tn9em%2Bg%3D%3D%7CzvOSBarCVrjYpD1bIxhkZQ%3D%3D,https://prod-1.storage.jamendo.com/download/track/728/mp32/,,https://jamen.do/t/728,https://www.jamendo.com/track/728,True,False,https://usercontent.jamendo.com?type=album&id=119&width=300&trackid=728,"{'vocalinstrumental': 'instrumental', 'speed': 'medium', 'tags': {'genres': [], 'instruments': [], 'vartags': []}}"
729,In the Xytras' wood,308,92,Haeresis,haeresis,Opera I,119,,3,2005-04-12,https://usercontent.jamendo.com?type=album&id=119&width=300&trackid=729,https://prod-1.storage.jamendo.com/?trackid=729&format=mp32&from=t2t6b%2F3qjdsADfJQxMk7YA%3D%3D%7CDsRtkclXJblK%2BdOrNeu%2F0g%3D%3D,https://prod-1.storage.jamendo.com/download/track/729/mp32/,,https://jamen.do/t/729,https://www.jamendo.com/track/729,True,False,https://usercontent.jamendo.com?type=album&id=119&width=300&trackid=729,"{'vocalinstrumental': 'instrumental', 'speed': 'medium', 'tags': {'genres': [], 'instruments': [], 'vartags': []}}"
730,Giants,136,92,Haeresis,haeresis,Opera I,119,,4,2005-04-12,https://usercontent.jamendo.com?type=album&id=119&width=300&trackid=730,https://prod-1.storage.jamendo.com/?trackid=730&format=mp32&from=TDO5bTx42vNTeVpJKe5JeA%3D%3D%7CHGoxUnnehZ7SRKDo82N0uQ%3D%3D,https://prod-1.storage.jamendo.com/download/track/730/mp32/,,https://jamen.do/t/730,https://www.jamendo.com/track/730,True,False,https://usercontent.jamendo.com?type=album&id=119&width=300&trackid=730,"{'vocalinstrumental': 'instrumental', 'speed': 'medium', 'tags': {'genres': [], 'instruments': [], 'vartags': []}}"
731,Through the storm,202,92,Haeresis,haeresis,Opera I,119,,5,2005-04-12,https://usercontent.jamendo.com?type=album&id=119&width=300&trackid=731,https://prod-1.storage.jamendo.com/?trackid=731&format=mp32&from=BPdnrWwV6s6QFlNkhcwSrg%3D%3D%7CG%2FeYcLkQzkEdzygq%2Bq2TIA%3D%3D,https://prod-1.storage.jamendo.com/download/track/731/mp32/,,https://jamen.do/t/731,https://www.jamendo.com/track/731,True,False,https://usercontent.jamendo.com?type=album&id=119&width=300&trackid=731,"{'vocalinstrumental': 'instrumental', 'speed': 'medium', 'tags': {'genres': [], 'instruments': [], 'vartags': []}}"
